"SpecCode","Genus","Species","SpeciesRefNo","Author","SubFamily","FamCode","GenCode","SubGenCode","Remark","Family","Order","Class"
7633,"Acantholabrus","palloni",5292,"(Risso, 1810)",NA,362,516,NA,NA,"Labridae","Perciformes","Actinopterygii"
14420,"Achoerodus","gouldii",9563,"(Richardson, 1843)",NA,362,1561,NA,NA,"Labridae","Perciformes","Actinopterygii"
50808,"Achoerodus","viridis",26878,"(Steindachner, 1866)",NA,362,1561,NA,NA,"Labridae","Perciformes","Actinopterygii"
59627,"Ammolabrus","dicrus",35918,"Randall & Carlson, 1997","Xyrichtyinae",362,8182,NA,NA,"Labridae","Perciformes","Actinopterygii"
4888,"Anampses","caeruleopunctatus",9823,"Rüppell, 1829","Corinae",362,2659,NA,NA,"Labridae","Perciformes","Actinopterygii"
4919,"Anampses","chrysocephalus",2677,"Randall, 1958","Corinae",362,2659,NA,NA,"Labridae","Perciformes","Actinopterygii"
4916,"Anampses","cuvier",2677,"Quoy & Gaimard, 1824","Corinae",362,2659,NA,NA,"Labridae","Perciformes","Actinopterygii"
4918,"Anampses","elegans",2677,"Ogilby, 1889","Corinae",362,2659,NA,NA,"Labridae","Perciformes","Actinopterygii"
4892,"Anampses","femininus",2677,"Randall, 1972","Corinae",362,2659,NA,NA,"Labridae","Perciformes","Actinopterygii"
4891,"Anampses","geographicus",9823,"Valenciennes, 1840","Corinae",362,2659,NA,NA,"Labridae","Perciformes","Actinopterygii"
4917,"Anampses","lennardi",2677,"Scott, 1959","Corinae",362,2659,NA,NA,"Labridae","Perciformes","Actinopterygii"
7800,"Anampses","lineatus",4392,"Randall, 1972","Corinae",362,2659,NA,NA,"Labridae","Perciformes","Actinopterygii"
5622,"Anampses","melanurus",1602,"Bleeker, 1857","Corinae",362,2659,NA,NA,"Labridae","Perciformes","Actinopterygii"
4889,"Anampses","meleagrides",2677,"Valenciennes, 1840","Corinae",362,2659,NA,NA,"Labridae","Perciformes","Actinopterygii"
4890,"Anampses","neoguinaicus",9823,"Bleeker, 1878","Corinae",362,2659,NA,NA,"Labridae","Perciformes","Actinopterygii"
4893,"Anampses","twistii",9823,"Bleeker, 1856","Corinae",362,2659,NA,NA,"Labridae","Perciformes","Actinopterygii"
14328,"Anchichoerops","natalensis",5374,"(Gilchrist & Thompson, 1909)",NA,362,9038,NA,NA,"Labridae","Perciformes","Actinopterygii"
47036,"Austrolabrus","maculatus",26203,"(Macleay, 1881)",NA,362,1765,NA,NA,"Labridae","Perciformes","Actinopterygii"
66314,"Bodianus","albotaeniatus",88079,"(Valenciennes, 1839)","Bodianinae",362,1995,NA,NA,"Labridae","Perciformes","Actinopterygii"
5497,"Bodianus","anthioides",75973,"(Bennett, 1832)","Bodianinae",362,1995,NA,NA,"Labridae","Perciformes","Actinopterygii"
5498,"Bodianus","axillaris",9823,"(Bennett, 1832)","Bodianinae",362,1995,NA,NA,"Labridae","Perciformes","Actinopterygii"
64025,"Bodianus","bathycapros",75973,"Gomon, 2006","Bodianinae",362,1995,NA,NA,"Labridae","Perciformes","Actinopterygii"
6580,"Bodianus","bilunulatus",9823,"(Lacepède, 1801)","Bodianinae",362,1995,NA,NA,"Labridae","Perciformes","Actinopterygii"
5499,"Bodianus","bimaculatus",75973,"Allen, 1973","Bodianinae",362,1995,NA,NA,"Labridae","Perciformes","Actinopterygii"
64243,"Bodianus","busellatus",75973,"Gomon, 2006","Bodianinae",362,1995,NA,NA,"Labridae","Perciformes","Actinopterygii"
23523,"Bodianus","cylindriatus",75973,"(Tanaka, 1930)","Bodianinae",362,1995,NA,NA,"Labridae","Perciformes","Actinopterygii"
5500,"Bodianus","diana",75973,"(Lacepède, 1801)","Bodianinae",362,1995,NA,NA,"Labridae","Perciformes","Actinopterygii"
64242,"Bodianus","dictynna",75973,"Gomon, 2006","Bodianinae",362,1995,NA,NA,"Labridae","Perciformes","Actinopterygii"
8270,"Bodianus","diplotaenia",5592,"(Gill, 1862)","Bodianinae",362,1995,NA,NA,"Labridae","Perciformes","Actinopterygii"
8272,"Bodianus","eclancheri",5590,"(Valenciennes, 1846)","Bodianinae",362,1995,NA,NA,"Labridae","Perciformes","Actinopterygii"
60823,"Bodianus","flavifrons",44106,"Gomon, 2001","Bodianinae",362,1995,NA,NA,"Labridae","Perciformes","Actinopterygii"
60820,"Bodianus","flavipinnis",44106,"Gomon, 2001","Bodianinae",362,1995,NA,NA,"Labridae","Perciformes","Actinopterygii"
52463,"Bodianus","frenchii",9002,"(Klunzinger, 1879)","Bodianinae",362,1995,NA,NA,"Labridae","Perciformes","Actinopterygii"
14401,"Bodianus","insularis",3637,"Gomon & Lubbock, 1980","Bodianinae",362,1995,NA,NA,"Labridae","Perciformes","Actinopterygii"
23525,"Bodianus","izuensis",75973,"Araga & Yoshino, 1975","Bodianinae",362,1995,NA,NA,"Labridae","Perciformes","Actinopterygii"
7716,"Bodianus","leucosticticus",4392,"(Bennett, 1832)","Bodianinae",362,1995,NA,NA,"Labridae","Perciformes","Actinopterygii"
12744,"Bodianus","loxozonus",75973,"(Snyder, 1908)","Bodianinae",362,1995,NA,NA,"Labridae","Perciformes","Actinopterygii"
14330,"Bodianus","macrognathos",75973,"(Morris, 1974)","Bodianinae",362,1995,NA,NA,"Labridae","Perciformes","Actinopterygii"
14334,"Bodianus","macrourus",75973,"(Lacepède, 1801)","Bodianinae",362,1995,NA,NA,"Labridae","Perciformes","Actinopterygii"
23526,"Bodianus","masudai",75973,"Araga & Yoshino, 1975","Bodianinae",362,1995,NA,NA,"Labridae","Perciformes","Actinopterygii"
5501,"Bodianus","mesothorax",75973,"(Bloch & Schneider, 1801)","Bodianinae",362,1995,NA,NA,"Labridae","Perciformes","Actinopterygii"
25412,"Bodianus","neilli",9710,"(Day, 1867)","Bodianinae",362,1995,NA,NA,"Labridae","Perciformes","Actinopterygii"
64023,"Bodianus","neopercularis",75973,"Gomon, 2006","Bodianinae",362,1995,NA,NA,"Labridae","Perciformes","Actinopterygii"
25754,"Bodianus","opercularis",75973,"(Guichenot, 1847)","Bodianinae",362,1995,NA,NA,"Labridae","Perciformes","Actinopterygii"
6925,"Bodianus","oxycephalus",75973,"(Bleeker, 1862)","Bodianinae",362,1995,NA,NA,"Labridae","Perciformes","Actinopterygii"
64026,"Bodianus","paraleucosticticus",75973,"Gomon, 2006","Bodianinae",362,1995,NA,NA,"Labridae","Perciformes","Actinopterygii"
7734,"Bodianus","perditio",75973,"(Quoy & Gaimard, 1834)","Bodianinae",362,1995,NA,NA,"Labridae","Perciformes","Actinopterygii"
46474,"Bodianus","prognathus",13850,"Lobel, 1981","Bodianinae",362,1995,NA,NA,"Labridae","Perciformes","Actinopterygii"
1066,"Bodianus","pulchellus",75973,"(Poey, 1860)","Bodianinae",362,1995,NA,NA,"Labridae","Perciformes","Actinopterygii"
64241,"Bodianus","rubrisos",75973,"Gomon, 2006","Bodianinae",362,1995,NA,NA,"Labridae","Perciformes","Actinopterygii"
1067,"Bodianus","rufus",7251,"(Linnaeus, 1758)","Bodianinae",362,1995,NA,NA,"Labridae","Perciformes","Actinopterygii"
46491,"Bodianus","sanguineus",75973,"(Jordan & Evermann, 1903)","Bodianinae",362,1995,NA,NA,"Labridae","Perciformes","Actinopterygii"
13800,"Bodianus","scrofa",75973,"(Valenciennes, 1839)","Bodianinae",362,1995,NA,NA,"Labridae","Perciformes","Actinopterygii"
64240,"Bodianus","sepiacaudus",75973,"Gomon, 2006","Bodianinae",362,1995,NA,NA,"Labridae","Perciformes","Actinopterygii"
64244,"Bodianus","solatus",75973,"Gomon, 2006","Bodianinae",362,1995,NA,NA,"Labridae","Perciformes","Actinopterygii"
4955,"Bodianus","speciosus",75973,"(Bowdich, 1825)","Bodianinae",362,1995,NA,NA,"Labridae","Perciformes","Actinopterygii"
23527,"Bodianus","tanyokidus",75973,"Gomon & Madden, 1981","Bodianinae",362,1995,NA,NA,"Labridae","Perciformes","Actinopterygii"
23524,"Bodianus","thoracotaeniatus",75973,"Yamamoto, 1982","Bodianinae",362,1995,NA,NA,"Labridae","Perciformes","Actinopterygii"
59649,"Bodianus","trilineatus",35918,"(Fowler, 1934)","Bodianinae",362,1995,NA,NA,"Labridae","Perciformes","Actinopterygii"
27512,"Bodianus","unimaculatus",75973,"(Günther, 1862)","Bodianinae",362,1995,NA,NA,"Labridae","Perciformes","Actinopterygii"
13039,"Bodianus","vulpinus",75973,"(Richardson, 1850)","Bodianinae",362,1995,NA,NA,"Labridae","Perciformes","Actinopterygii"
57256,"Centrolabrus","caeruleus",35939,"Azevedo, 1999",NA,362,9201,NA,NA,"Labridae","Perciformes","Actinopterygii"
55,"Centrolabrus","exoletus",4742,"(Linnaeus, 1758)",NA,362,9201,NA,NA,"Labridae","Perciformes","Actinopterygii"
22498,"Centrolabrus","trutta",5292,"(Lowe, 1834)",NA,362,9201,NA,NA,"Labridae","Perciformes","Actinopterygii"
60813,"Cheilinus","abudjubbe",35918,"Rüppell, 1835","Cheilininae",362,1522,NA,NA,"Labridae","Perciformes","Actinopterygii"
5598,"Cheilinus","chlorourus",9823,"(Bloch, 1791)","Cheilininae",362,1522,NA,NA,"Labridae","Perciformes","Actinopterygii"
5600,"Cheilinus","fasciatus",9823,"(Bloch, 1791)","Cheilininae",362,1522,NA,NA,"Labridae","Perciformes","Actinopterygii"
12780,"Cheilinus","lunulatus",8883,"(Forsskål, 1775)","Cheilininae",362,1522,NA,NA,"Labridae","Perciformes","Actinopterygii"
5602,"Cheilinus","oxycephalus",2334,"Bleeker, 1853","Cheilininae",362,1522,NA,NA,"Labridae","Perciformes","Actinopterygii"
5603,"Cheilinus","trilobatus",9823,"Lacepède, 1801","Cheilininae",362,1522,NA,NA,"Labridae","Perciformes","Actinopterygii"
5604,"Cheilinus","undulatus",2334,"Rüppell, 1835","Cheilininae",362,1522,NA,NA,"Labridae","Perciformes","Actinopterygii"
5623,"Cheilio","inermis",2334,"(Forsskål, 1775)","Corinae",362,2010,NA,NA,"Labridae","Perciformes","Actinopterygii"
5502,"Choerodon","anchorago",9823,"(Bloch, 1791)","Bodianinae",362,1306,NA,NA,"Labridae","Perciformes","Actinopterygii"
49409,"Choerodon","azurio",559,"(Jordan & Snyder, 1901)","Bodianinae",362,1306,NA,NA,"Labridae","Perciformes","Actinopterygii"
59634,"Choerodon","cauteroma",36661,"Gomon & Allen, 1987","Bodianinae",362,1306,NA,NA,"Labridae","Perciformes","Actinopterygii"
10848,"Choerodon","cephalotes",9823,"(Castelnau, 1875)","Bodianinae",362,1306,NA,NA,"Labridae","Perciformes","Actinopterygii"
12934,"Choerodon","cyanodus",2334,"(Richardson, 1843)","Bodianinae",362,1306,NA,NA,"Labridae","Perciformes","Actinopterygii"
12722,"Choerodon","fasciatus",2334,"(Günther, 1867)","Bodianinae",362,1306,NA,NA,"Labridae","Perciformes","Actinopterygii"
59644,"Choerodon","frenatus",35918,"Ogilby, 1910","Bodianinae",362,1306,NA,NA,"Labridae","Perciformes","Actinopterygii"
60807,"Choerodon","gomoni",88079,"Allen & Randall, 2002","Bodianinae",362,1306,NA,NA,"Labridae","Perciformes","Actinopterygii"
8128,"Choerodon","graphicus",9823,"(De Vis, 1885)","Bodianinae",362,1306,NA,NA,"Labridae","Perciformes","Actinopterygii"
23519,"Choerodon","gymnogenys",559,"(Günther, 1867)","Bodianinae",362,1306,NA,NA,"Labridae","Perciformes","Actinopterygii"
6597,"Choerodon","jordani",2334,"(Snyder, 1908)","Bodianinae",362,1306,NA,NA,"Labridae","Perciformes","Actinopterygii"
58165,"Choerodon","margaritiferus",35918,"Fowler & Bean, 1928","Bodianinae",362,1306,NA,NA,"Labridae","Perciformes","Actinopterygii"
51741,"Choerodon","melanostigma",35918,"Fowler & Bean, 1928","Bodianinae",362,1306,NA,NA,"Labridae","Perciformes","Actinopterygii"
6615,"Choerodon","monostigma",3131,"Ogilby, 1910","Bodianinae",362,1306,NA,NA,"Labridae","Perciformes","Actinopterygii"
8406,"Choerodon","oligacanthus",572,"(Bleeker, 1851)","Bodianinae",362,1306,NA,NA,"Labridae","Perciformes","Actinopterygii"
59635,"Choerodon","paynei",35918,"Whitley, 1945","Bodianinae",362,1306,NA,NA,"Labridae","Perciformes","Actinopterygii"
6926,"Choerodon","robustus",559,"(Günther, 1862)","Bodianinae",362,1306,NA,NA,"Labridae","Perciformes","Actinopterygii"
25756,"Choerodon","rubescens",9710,"(Günther, 1862)","Bodianinae",362,1306,NA,NA,"Labridae","Perciformes","Actinopterygii"
6433,"Choerodon","schoenleinii",2334,"(Valenciennes, 1839)","Bodianinae",362,1306,NA,NA,"Labridae","Perciformes","Actinopterygii"
59636,"Choerodon","sugillatum",36661,"Gomon, 1987","Bodianinae",362,1306,NA,NA,"Labridae","Perciformes","Actinopterygii"
12935,"Choerodon","venustus",2334,"(De Vis, 1884)","Bodianinae",362,1306,NA,NA,"Labridae","Perciformes","Actinopterygii"
10853,"Choerodon","vitta",3132,"Ogilby, 1910","Bodianinae",362,1306,NA,NA,"Labridae","Perciformes","Actinopterygii"
10548,"Choerodon","zamboangae",3131,"(Seale & Bean, 1907)","Bodianinae",362,1306,NA,NA,"Labridae","Perciformes","Actinopterygii"
51738,"Choerodon","zosterophorus",280,"(Bleeker, 1868)","Bodianinae",362,1306,NA,NA,"Labridae","Perciformes","Actinopterygii"
56636,"Cirrhilabrus","adornatus",31269,"Randall & Kunzmann, 1998","Cheilininae",362,10253,NA,NA,"Labridae","Perciformes","Actinopterygii"
59628,"Cirrhilabrus","aurantidorsalis",35918,"Allen & Kuiter, 1999","Cheilininae",362,10253,NA,NA,"Labridae","Perciformes","Actinopterygii"
25760,"Cirrhilabrus","balteatus",9710,"Randall, 1988","Cheilininae",362,10253,NA,NA,"Labridae","Perciformes","Actinopterygii"
59880,"Cirrhilabrus","bathyphilus",44203,"Randall & Nagareda, 2002","Cheilininae",362,10253,NA,NA,"Labridae","Perciformes","Actinopterygii"
64182,"Cirrhilabrus","beauperryi",78106,"Allen, Drew & Barber, 2008","Cheilininae",362,10253,NA,NA,"Labridae","Perciformes","Actinopterygii"
25759,"Cirrhilabrus","blatteus",9710,"Springer & Randall, 1974","Cheilininae",362,10253,NA,NA,"Labridae","Perciformes","Actinopterygii"
63981,"Cirrhilabrus","brunneus",75880,"Allen, 2006","Cheilininae",362,10253,NA,NA,"Labridae","Perciformes","Actinopterygii"
63948,"Cirrhilabrus","cenderawasih",75881,"Allen & Erdmann, 2006","Cheilininae",362,10253,NA,NA,"Labridae","Perciformes","Actinopterygii"
59481,"Cirrhilabrus","claire",41654,"Randall & Pyle, 2001","Cheilininae",362,10253,NA,NA,"Labridae","Perciformes","Actinopterygii"
54179,"Cirrhilabrus","condei",31120,"Allen & Randall, 1996","Cheilininae",362,10253,NA,NA,"Labridae","Perciformes","Actinopterygii"
5106,"Cirrhilabrus","cyanopleura",5278,"(Bleeker, 1851)","Cheilininae",362,10253,NA,NA,"Labridae","Perciformes","Actinopterygii"
59510,"Cirrhilabrus","earlei",41654,"Randall & Pyle, 2001","Cheilininae",362,10253,NA,NA,"Labridae","Perciformes","Actinopterygii"
5614,"Cirrhilabrus","exquisitus",5278,"Smith, 1957","Cheilininae",362,10253,NA,NA,"Labridae","Perciformes","Actinopterygii"
10615,"Cirrhilabrus","filamentosus",8631,"(Klausewitz, 1976)","Cheilininae",362,10253,NA,NA,"Labridae","Perciformes","Actinopterygii"
46517,"Cirrhilabrus","flavidorsalis",26153,"Randall & Carpenter, 1980","Cheilininae",362,10253,NA,NA,"Labridae","Perciformes","Actinopterygii"
66867,"Cirrhilabrus","humanni",90102,"Allen & Erdmann, 2012","Cheilininae",362,10253,NA,NA,"Labridae","Perciformes","Actinopterygii"
60740,"Cirrhilabrus","joanallenae",44110,"Allen, 2000","Cheilininae",362,10253,NA,NA,"Labridae","Perciformes","Actinopterygii"
25762,"Cirrhilabrus","johnsoni",9710,"Randall, 1988","Cheilininae",362,10253,NA,NA,"Labridae","Perciformes","Actinopterygii"
7768,"Cirrhilabrus","jordani",583,"Snyder, 1904","Cheilininae",362,10253,NA,NA,"Labridae","Perciformes","Actinopterygii"
7582,"Cirrhilabrus","katherinae",5278,"Randall, 1992","Cheilininae",362,10253,NA,NA,"Labridae","Perciformes","Actinopterygii"
57798,"Cirrhilabrus","katoi",36346,"Senou & Hirata, 2000","Cheilininae",362,10253,NA,NA,"Labridae","Perciformes","Actinopterygii"
13023,"Cirrhilabrus","laboutei",9060,"Randall & Lubbock, 1982","Cheilininae",362,10253,NA,NA,"Labridae","Perciformes","Actinopterygii"
7583,"Cirrhilabrus","lanceolatus",5278,"Randall & Masuda, 1991","Cheilininae",362,10253,NA,"Type locality: Okinawa.","Labridae","Perciformes","Actinopterygii"
13027,"Cirrhilabrus","lineatus",9060,"Randall & Lubbock, 1982","Cheilininae",362,10253,NA,NA,"Labridae","Perciformes","Actinopterygii"
13041,"Cirrhilabrus","lubbocki",9823,"Randall & Carpenter, 1980","Cheilininae",362,10253,NA,NA,"Labridae","Perciformes","Actinopterygii"
7584,"Cirrhilabrus","lunatus",5278,"Randall & Masuda, 1991","Cheilininae",362,10253,NA,"Type locality: Okinawa.","Labridae","Perciformes","Actinopterygii"
17451,"Cirrhilabrus","luteovittatus",1602,"Randall, 1988","Cheilininae",362,10253,NA,NA,"Labridae","Perciformes","Actinopterygii"
61859,"Cirrhilabrus","marjorie",52303,"Allen, Randall & Carlson, 2003","Cheilininae",362,10253,NA,NA,"Labridae","Perciformes","Actinopterygii"
7585,"Cirrhilabrus","melanomarginatus",5278,"Randall & Shen, 1978","Cheilininae",362,10253,NA,NA,"Labridae","Perciformes","Actinopterygii"
59637,"Cirrhilabrus","morrisoni",35918,"Allen, 1999","Cheilininae",362,10253,NA,NA,"Labridae","Perciformes","Actinopterygii"
66424,"Cirrhilabrus","nahackyi",89074,"Walsh & Tanaka, 2012","Cheilininae",362,10253,NA,NA,"Labridae","Perciformes","Actinopterygii"
64878,"Cirrhilabrus","naokoae",80411,"Randall & Tanaka, 2009","Cheilininae",362,10253,NA,NA,"Labridae","Perciformes","Actinopterygii"
13028,"Cirrhilabrus","punctatus",2334,"Randall & Kuiter, 1989","Cheilininae",362,10253,NA,NA,"Labridae","Perciformes","Actinopterygii"
54185,"Cirrhilabrus","pylei",31220,"Allen & Randall, 1996","Cheilininae",362,10253,NA,NA,"Labridae","Perciformes","Actinopterygii"
25031,"Cirrhilabrus","randalli",11903,"Allen, 1995","Cheilininae",362,10253,NA,NA,"Labridae","Perciformes","Actinopterygii"
25763,"Cirrhilabrus","rhomboidalis",9710,"Randall, 1988","Cheilininae",362,10253,NA,NA,"Labridae","Perciformes","Actinopterygii"
25026,"Cirrhilabrus","roseafascia",9060,"Randall & Lubbock, 1982","Cheilininae",362,10253,NA,NA,"Labridae","Perciformes","Actinopterygii"
7586,"Cirrhilabrus","rubrimarginatus",5278,"Randall, 1992","Cheilininae",362,10253,NA,NA,"Labridae","Perciformes","Actinopterygii"
13042,"Cirrhilabrus","rubripinnis",9823,"Randall & Carpenter, 1980","Cheilininae",362,10253,NA,NA,"Labridae","Perciformes","Actinopterygii"
25030,"Cirrhilabrus","rubrisquamis",10374,"Randall & Emery, 1983","Cheilininae",362,10253,NA,NA,"Labridae","Perciformes","Actinopterygii"
12781,"Cirrhilabrus","rubriventralis",8883,"Springer & Randall, 1974","Cheilininae",362,10253,NA,NA,"Labridae","Perciformes","Actinopterygii"
58168,"Cirrhilabrus","sanguineus",35918,"Cornic, 1987","Cheilininae",362,10253,NA,NA,"Labridae","Perciformes","Actinopterygii"
12728,"Cirrhilabrus","scottorum",2334,"Randall & Pyle, 1989","Cheilininae",362,10253,NA,NA,"Labridae","Perciformes","Actinopterygii"
60815,"Cirrhilabrus","solorensis",35918,"Bleeker, 1853","Cheilininae",362,10253,NA,NA,"Labridae","Perciformes","Actinopterygii"
5484,"Cirrhilabrus","temminckii",5278,"Bleeker, 1853","Cheilininae",362,10253,NA,NA,"Labridae","Perciformes","Actinopterygii"
59640,"Cirrhilabrus","tonozukai",35918,"Allen & Kuiter, 1999","Cheilininae",362,10253,NA,NA,"Labridae","Perciformes","Actinopterygii"
54193,"Cirrhilabrus","walindi",31120,"Allen & Randall, 1996","Cheilininae",362,10253,NA,NA,"Labridae","Perciformes","Actinopterygii"
59511,"Cirrhilabrus","walshi",41654,"Randall & Pyle, 2001","Cheilininae",362,10253,NA,NA,"Labridae","Perciformes","Actinopterygii"
60808,"Clepticus","africanus",81027,"Heiser, Moura & Robertson, 2000",NA,362,2591,NA,NA,"Labridae","Perciformes","Actinopterygii"
60809,"Clepticus","brasiliensis",57756,"Heiser, Moura & Robertson, 2000",NA,362,2591,NA,NA,"Labridae","Perciformes","Actinopterygii"
3656,"Clepticus","parrae",9626,"(Bloch & Schneider, 1801)",NA,362,2591,NA,NA,"Labridae","Perciformes","Actinopterygii"
25764,"Conniella","apterygia",9710,"Allen, 1983",NA,362,9500,NA,NA,"Labridae","Perciformes","Actinopterygii"
58407,"Coris","atlantica",35918,"Günther, 1862","Corinae",362,8550,NA,NA,"Labridae","Perciformes","Actinopterygii"
25769,"Coris","auricularis",33411,"(Valenciennes, 1839)","Corinae",362,8550,NA,NA,"Labridae","Perciformes","Actinopterygii"
13029,"Coris","aurilineata",33411,"Randall & Kuiter, 1982","Corinae",362,8550,NA,NA,"Labridae","Perciformes","Actinopterygii"
5624,"Coris","aygula",33411,"Lacepède, 1801","Corinae",362,8550,NA,NA,"Labridae","Perciformes","Actinopterygii"
60816,"Coris","ballieui",33411,"Vaillant & Sauvage, 1875","Corinae",362,8550,NA,NA,"Labridae","Perciformes","Actinopterygii"
25688,"Coris","batuensis",33411,"(Bleeker, 1856)","Corinae",362,8550,NA,NA,"Labridae","Perciformes","Actinopterygii"
12729,"Coris","bulbifrons",33411,"Randall & Kuiter, 1982","Corinae",362,8550,NA,NA,"Labridae","Perciformes","Actinopterygii"
8026,"Coris","caudimacula",33411,"(Quoy & Gaimard, 1834)","Corinae",362,8550,NA,NA,"Labridae","Perciformes","Actinopterygii"
55260,"Coris","centralis",33411,"Randall, 1999","Corinae",362,8550,NA,NA,"Labridae","Perciformes","Actinopterygii"
52844,"Coris","cuvieri",33411,"(Bennett, 1831)","Corinae",362,8550,NA,NA,"Labridae","Perciformes","Actinopterygii"
55262,"Coris","debueni",33411,"Randall, 1999","Corinae",362,8550,NA,NA,"Labridae","Perciformes","Actinopterygii"
6657,"Coris","dorsomacula",33411,"Fowler, 1908","Corinae",362,8550,NA,NA,"Labridae","Perciformes","Actinopterygii"
7827,"Coris","flavovittata",33411,"(Bennett, 1828)","Corinae",362,8550,NA,"Date Eschmeyer, pers. comm. Based on juvenile form.","Labridae","Perciformes","Actinopterygii"
7736,"Coris","formosa",33411,"(Bennett, 1830)","Corinae",362,8550,NA,NA,"Labridae","Perciformes","Actinopterygii"
5625,"Coris","gaimard",33411,"(Quoy & Gaimard, 1824)","Corinae",362,8550,NA,NA,"Labridae","Perciformes","Actinopterygii"
55344,"Coris","hewetti",33411,"Randall, 1999","Corinae",362,8550,NA,NA,"Labridae","Perciformes","Actinopterygii"
58,"Coris","julis",4742,"(Linnaeus, 1758)","Corinae",362,8550,NA,NA,"Labridae","Perciformes","Actinopterygii"
66974,"Coris","latifasciata",93522,"Randall, 2013","Corinae",362,8550,NA,NA,"Labridae","Perciformes","Actinopterygii"
55347,"Coris","marquesensis",33411,"Randall, 1999","Corinae",362,8550,NA,NA,"Labridae","Perciformes","Actinopterygii"
61752,"Coris","musume",35918,"(Jordan & Snyder, 1904)","Corinae",362,8550,NA,NA,"Labridae","Perciformes","Actinopterygii"
46462,"Coris","nigrotaenia",33411,"Mee & Hare, 1995","Corinae",362,8550,NA,NA,"Labridae","Perciformes","Actinopterygii"
7183,"Coris","picta",33411,"(Bloch & Schneider, 1801)","Corinae",362,8550,NA,NA,"Labridae","Perciformes","Actinopterygii"
5107,"Coris","pictoides",33411,"Randall & Kuiter, 1982","Corinae",362,8550,NA,NA,"Labridae","Perciformes","Actinopterygii"
55349,"Coris","roseoviridis",33411,"Randall, 1999","Corinae",362,8550,NA,NA,"Labridae","Perciformes","Actinopterygii"
12793,"Coris","sandeyeri",33411,"(Hector, 1884)","Corinae",362,8550,NA,NA,"Labridae","Perciformes","Actinopterygii"
5485,"Coris","variegata",33411,"(Rüppell, 1835)","Corinae",362,8550,NA,NA,"Labridae","Perciformes","Actinopterygii"
7826,"Coris","venusta",33411,"Vaillant & Sauvage, 1875","Corinae",362,8550,NA,NA,"Labridae","Perciformes","Actinopterygii"
61,"Ctenolabrus","rupestris",3397,"(Linnaeus, 1758)",NA,362,6521,NA,NA,"Labridae","Perciformes","Actinopterygii"
6081,"Cymolutes","lecluse",7461,"(Quoy & Gaimard, 1824)","Cheilininae",362,10254,NA,"Genus B. Mundy, pers. comm.","Labridae","Perciformes","Actinopterygii"
5607,"Cymolutes","praetextatus",2334,"(Quoy & Gaimard, 1834)","Cheilininae",362,10254,NA,NA,"Labridae","Perciformes","Actinopterygii"
5608,"Cymolutes","torquatus",2334,"(Valenciennes, 1840)","Cheilininae",362,10254,NA,NA,"Labridae","Perciformes","Actinopterygii"
16902,"Decodon","grandisquamis",4392,"(Smith, 1968)",NA,362,4525,NA,NA,"Labridae","Perciformes","Actinopterygii"
13835,"Decodon","melasma",9311,"Gomon, 1974",NA,362,4525,NA,NA,"Labridae","Perciformes","Actinopterygii"
23521,"Decodon","pacificus",26878,"(Kamohara, 1952)",NA,362,4525,NA,NA,"Labridae","Perciformes","Actinopterygii"
3657,"Decodon","puellaris",7251,"(Poey, 1860)",NA,362,4525,NA,NA,"Labridae","Perciformes","Actinopterygii"
5108,"Diproctacanthus","xanthurus",2334,"(Bleeker, 1856)",NA,362,4651,NA,NA,"Labridae","Perciformes","Actinopterygii"
3658,"Doratonotus","megalepis",7251,"Günther, 1862",NA,362,6802,NA,NA,"Labridae","Perciformes","Actinopterygii"
46818,"Dotalabrus","alleni",26203,"Russell, 1988",NA,362,1896,NA,NA,"Labridae","Perciformes","Actinopterygii"
46798,"Dotalabrus","aurantiacus",26203,"(Castelnau, 1872)",NA,362,1896,NA,NA,"Labridae","Perciformes","Actinopterygii"
63878,"Epibulus","brevis",75789,"Carlson, Randall & Dawson, 2008","Cheilininae",362,3491,NA,NA,"Labridae","Perciformes","Actinopterygii"
5606,"Epibulus","insidiator",2334,"(Pallas, 1770)","Cheilininae",362,3491,NA,NA,"Labridae","Perciformes","Actinopterygii"
47037,"Eupetrichthys","angustipes",26203,"Ramsay & Ogilby, 1888",NA,362,2032,NA,NA,"Labridae","Perciformes","Actinopterygii"
25371,"Frontilabrus","caeruleus",10624,"Randall & Condé, 1989",NA,362,7414,NA,NA,"Labridae","Perciformes","Actinopterygii"
7744,"Gomphosus","caeruleus",4392,"Lacepède, 1801",NA,362,9832,NA,NA,"Labridae","Perciformes","Actinopterygii"
5626,"Gomphosus","varius",2334,"Lacepède, 1801",NA,362,9832,NA,NA,"Labridae","Perciformes","Actinopterygii"
13837,"Halichoeres","adustus",9311,"(Gilbert, 1890)","Corinae",362,1901,NA,NA,"Labridae","Perciformes","Actinopterygii"
13838,"Halichoeres","aestuaricola",9311,"Bussing, 1972","Corinae",362,1901,NA,NA,"Labridae","Perciformes","Actinopterygii"
4857,"Halichoeres","argus",2136,"(Bloch & Schneider, 1801)","Corinae",362,1901,NA,NA,"Labridae","Perciformes","Actinopterygii"
3659,"Halichoeres","bathyphilus",7251,"(Beebe & Tee-Van, 1932)","Corinae",362,1901,NA,NA,"Labridae","Perciformes","Actinopterygii"
53816,"Halichoeres","bicolor",26282,"(Bloch & Schneider, 1801)","Corinae",362,1901,NA,NA,"Labridae","Perciformes","Actinopterygii"
12789,"Halichoeres","binotopsis",1601,"(Bleeker, 1849)","Corinae",362,1901,NA,NA,"Labridae","Perciformes","Actinopterygii"
5627,"Halichoeres","biocellatus",2334,"Schultz, 1960","Corinae",362,1901,NA,NA,"Labridae","Perciformes","Actinopterygii"
3660,"Halichoeres","bivittatus",7251,"(Bloch, 1791)","Corinae",362,1901,NA,NA,"Labridae","Perciformes","Actinopterygii"
59648,"Halichoeres","bleekeri",33416,"(Steindachner & Döderlein, 1887)","Corinae",362,1901,NA,NA,"Labridae","Perciformes","Actinopterygii"
61031,"Halichoeres","brasiliensis",48669,"(Bloch, 1791)","Corinae",362,1901,NA,NA,"Labridae","Perciformes","Actinopterygii"
59633,"Halichoeres","brownfieldi",33839,"(Whitley, 1945)","Corinae",362,1901,NA,NA,"Labridae","Perciformes","Actinopterygii"
63950,"Halichoeres","burekae",75768,"Weaver & Rocha, 2007","Corinae",362,1901,NA,NA,"Labridae","Perciformes","Actinopterygii"
3661,"Halichoeres","caudalis",7251,"(Poey, 1860)","Corinae",362,1901,NA,NA,"Labridae","Perciformes","Actinopterygii"
13839,"Halichoeres","chierchiae",9311,"Di Caporiacco, 1948","Corinae",362,1901,NA,NA,"Labridae","Perciformes","Actinopterygii"
58178,"Halichoeres","chlorocephalus",35445,"Kuiter & Randall, 1995","Corinae",362,1901,NA,NA,"Labridae","Perciformes","Actinopterygii"
4859,"Halichoeres","chloropterus",2334,"(Bloch, 1791)","Corinae",362,1901,NA,NA,"Labridae","Perciformes","Actinopterygii"
4855,"Halichoeres","chrysus",2334,"Randall, 1981","Corinae",362,1901,NA,NA,"Labridae","Perciformes","Actinopterygii"
65073,"Halichoeres","claudia",82288,"Randall & Rocha, 2009","Corinae",362,1901,NA,NA,"Labridae","Perciformes","Actinopterygii"
25372,"Halichoeres","cosmetus",4392,"Randall & Smith, 1982","Corinae",362,1901,NA,NA,"Labridae","Perciformes","Actinopterygii"
3662,"Halichoeres","cyanocephalus",7251,"(Bloch, 1791)","Corinae",362,1901,NA,NA,"Labridae","Perciformes","Actinopterygii"
62268,"Halichoeres","dimidiatus",52607,"(Agassiz, 1831)","Corinae",362,1901,NA,NA,"Labridae","Perciformes","Actinopterygii"
46582,"Halichoeres","discolor",11482,"Bussing, 1983","Corinae",362,1901,NA,NA,"Labridae","Perciformes","Actinopterygii"
8208,"Halichoeres","dispilus",5590,"(Günther, 1864)","Corinae",362,1901,NA,NA,"Labridae","Perciformes","Actinopterygii"
65779,"Halichoeres","erdmanni",85096,"Randall & Allen, 2010","Corinae",362,1901,NA,NA,"Labridae","Perciformes","Actinopterygii"
3663,"Halichoeres","garnoti",7251,"(Valenciennes, 1839)","Corinae",362,1901,NA,NA,"Labridae","Perciformes","Actinopterygii"
51180,"Halichoeres","girardi",10388,"(Bleeker, 1858)","Corinae",362,1901,NA,NA,"Labridae","Perciformes","Actinopterygii"
5628,"Halichoeres","hartzfeldii",1602,"(Bleeker, 1852)","Corinae",362,1901,NA,NA,"Labridae","Perciformes","Actinopterygii"
65800,"Halichoeres","hilomeni",85096,"Randall & Allen, 2010","Corinae",362,1901,NA,NA,"Labridae","Perciformes","Actinopterygii"
12663,"Halichoeres","hortulanus",2334,"(Lacepède, 1801)","Corinae",362,1901,NA,NA,"Labridae","Perciformes","Actinopterygii"
13843,"Halichoeres","insularis",9311,"Allen & Robertson, 1992","Corinae",362,1901,NA,NA,"Labridae","Perciformes","Actinopterygii"
12790,"Halichoeres","iridis",4392,"Randall & Smith, 1982","Corinae",362,1901,NA,NA,"Labridae","Perciformes","Actinopterygii"
59463,"Halichoeres","kallochroma",35918,"(Bleeker, 1853)","Corinae",362,1901,NA,NA,"Labridae","Perciformes","Actinopterygii"
8021,"Halichoeres","lapillus",4392,"Smith, 1947","Corinae",362,1901,NA,NA,"Labridae","Perciformes","Actinopterygii"
26864,"Halichoeres","leptotaenia",10680,"Randall & Earle, 1994","Corinae",362,1901,NA,NA,"Labridae","Perciformes","Actinopterygii"
7806,"Halichoeres","leucoxanthus",5374,"Randall & Smith, 1982","Corinae",362,1901,NA,NA,"Labridae","Perciformes","Actinopterygii"
56811,"Halichoeres","leucurus",34765,"(Walbaum, 1792)","Corinae",362,1901,NA,NA,"Labridae","Perciformes","Actinopterygii"
3664,"Halichoeres","maculipinna",7251,"(Müller & Troschel, 1848)","Corinae",362,1901,NA,NA,"Labridae","Perciformes","Actinopterygii"
13844,"Halichoeres","malpelo",9311,"Allen & Robertson, 1992","Corinae",362,1901,NA,NA,"Labridae","Perciformes","Actinopterygii"
5630,"Halichoeres","margaritaceus",2334,"(Valenciennes, 1839)","Corinae",362,1901,NA,NA,"Labridae","Perciformes","Actinopterygii"
5631,"Halichoeres","marginatus",2334,"Rüppell, 1835","Corinae",362,1901,NA,NA,"Labridae","Perciformes","Actinopterygii"
6929,"Halichoeres","melanochir",559,"Fowler & Bean, 1928","Corinae",362,1901,NA,NA,"Labridae","Perciformes","Actinopterygii"
13845,"Halichoeres","melanotis",9311,"(Gilbert, 1890)","Corinae",362,1901,NA,NA,"Labridae","Perciformes","Actinopterygii"
4858,"Halichoeres","melanurus",2334,"(Bleeker, 1851)","Corinae",362,1901,NA,NA,"Labridae","Perciformes","Actinopterygii"
26866,"Halichoeres","melas",10680,"Randall & Earle, 1994","Corinae",362,1901,NA,NA,"Labridae","Perciformes","Actinopterygii"
4856,"Halichoeres","melasmapomus",2334,"Randall, 1981","Corinae",362,1901,NA,NA,"Labridae","Perciformes","Actinopterygii"
6614,"Halichoeres","miniatus",2334,"(Valenciennes, 1839)","Corinae",362,1901,NA,NA,"Labridae","Perciformes","Actinopterygii"
6663,"Halichoeres","nebulosus",2334,"(Valenciennes, 1839)","Corinae",362,1901,NA,NA,"Labridae","Perciformes","Actinopterygii"
13846,"Halichoeres","nicholsi",9311,"(Jordan & Gilbert, 1882)","Corinae",362,1901,NA,NA,"Labridae","Perciformes","Actinopterygii"
58179,"Halichoeres","nigrescens",35918,"(Bloch & Schneider, 1801)","Corinae",362,1901,NA,NA,"Labridae","Perciformes","Actinopterygii"
8330,"Halichoeres","notospilus",5592,"(Günther, 1864)","Corinae",362,1901,NA,NA,"Labridae","Perciformes","Actinopterygii"
54320,"Halichoeres","orientalis",31549,"Randall, 1999","Corinae",362,1901,NA,NA,"Labridae","Perciformes","Actinopterygii"
6664,"Halichoeres","ornatissimus",2334,"(Garrett, 1863)","Corinae",362,1901,NA,NA,"Labridae","Perciformes","Actinopterygii"
56789,"Halichoeres","pallidus",34765,"Kuiter & Randall, 1995","Corinae",362,1901,NA,NA,"Labridae","Perciformes","Actinopterygii"
56813,"Halichoeres","papilionaceus",34765,"(Valenciennes, 1839)","Corinae",362,1901,NA,NA,"Labridae","Perciformes","Actinopterygii"
58180,"Halichoeres","pardaleocephalus",35918,"(Bleeker, 1849)","Corinae",362,1901,NA,NA,"Labridae","Perciformes","Actinopterygii"
25838,"Halichoeres","pelicieri",5503,"Randall & Smith, 1982","Corinae",362,1901,NA,NA,"Labridae","Perciformes","Actinopterygii"
62269,"Halichoeres","penrosei",52607,"Starks, 1913","Corinae",362,1901,NA,NA,"Labridae","Perciformes","Actinopterygii"
3665,"Halichoeres","pictus",7251,"(Poey, 1860)","Corinae",362,1901,NA,NA,"Labridae","Perciformes","Actinopterygii"
4861,"Halichoeres","podostigma",2136,"(Bleeker, 1854)","Corinae",362,1901,NA,NA,"Labridae","Perciformes","Actinopterygii"
3666,"Halichoeres","poeyi",7251,"(Steindachner, 1867)","Corinae",362,1901,NA,NA,"Labridae","Perciformes","Actinopterygii"
4862,"Halichoeres","prosopeion",2334,"(Bleeker, 1853)","Corinae",362,1901,NA,NA,"Labridae","Perciformes","Actinopterygii"
12746,"Halichoeres","purpurescens",6023,"(Bloch & Schneider, 1801)","Corinae",362,1901,NA,NA,"Labridae","Perciformes","Actinopterygii"
1068,"Halichoeres","radiatus",7251,"(Linnaeus, 1758)","Corinae",362,1901,NA,NA,"Labridae","Perciformes","Actinopterygii"
60810,"Halichoeres","raisneri",88079,"Baldwin & McCosker, 2001","Corinae",362,1901,NA,NA,"Labridae","Perciformes","Actinopterygii"
5632,"Halichoeres","richmondi",1602,"Fowler & Bean, 1928","Corinae",362,1901,NA,NA,"Labridae","Perciformes","Actinopterygii"
58181,"Halichoeres","rubricephalus",35918,"Kuiter & Randall, 1995","Corinae",362,1901,NA,NA,"Labridae","Perciformes","Actinopterygii"
65545,"Halichoeres","rubrovirens",83981,"Rocha, Pinheiro & Gasparini, 2010","Corinae",362,1901,NA,NA,"Labridae","Perciformes","Actinopterygii"
60811,"Halichoeres","salmofasciatus",75895,"Allen & Robertson, 2002","Corinae",362,1901,NA,NA,"Labridae","Perciformes","Actinopterygii"
64977,"Halichoeres","sazimai",80967,"Luiz, Ferreira & Rocha, 2009","Corinae",362,1901,NA,NA,"Labridae","Perciformes","Actinopterygii"
5633,"Halichoeres","scapularis",2334,"(Bennett, 1832)","Corinae",362,1901,NA,NA,"Labridae","Perciformes","Actinopterygii"
3667,"Halichoeres","semicinctus",2850,"(Ayres, 1859)","Corinae",362,1901,NA,NA,"Labridae","Perciformes","Actinopterygii"
26865,"Halichoeres","signifer",10680,"Randall & Earle, 1994","Corinae",362,1901,NA,NA,"Labridae","Perciformes","Actinopterygii"
60288,"Halichoeres","socialis",46844,"Randall & Lobel, 2003","Corinae",362,1901,NA,NA,"Labridae","Perciformes","Actinopterygii"
11622,"Halichoeres","solorensis",6023,"(Bleeker, 1853)","Corinae",362,1901,NA,NA,"Labridae","Perciformes","Actinopterygii"
46373,"Halichoeres","stigmaticus",11441,"Randall & Smith, 1982","Corinae",362,1901,NA,NA,"Labridae","Perciformes","Actinopterygii"
6930,"Halichoeres","tenuispinis",33416,"(Günther, 1862)","Corinae",362,1901,NA,NA,"Labridae","Perciformes","Actinopterygii"
4860,"Halichoeres","timorensis",2136,"(Bleeker, 1852)","Corinae",362,1901,NA,NA,"Labridae","Perciformes","Actinopterygii"
5634,"Halichoeres","trimaculatus",2334,"(Quoy & Gaimard, 1834)","Corinae",362,1901,NA,NA,"Labridae","Perciformes","Actinopterygii"
25689,"Halichoeres","trispilus",9710,"Randall & Smith, 1982","Corinae",362,1901,NA,NA,"Labridae","Perciformes","Actinopterygii"
25690,"Halichoeres","vrolikii",9710,"(Bleeker, 1855)","Corinae",362,1901,NA,"Synonym of <i>Halichoeres chrysotaenia</i> according to Allen & Erdmann 2012:670 (Ref. 90102).  This page will be removed.","Labridae","Perciformes","Actinopterygii"
13050,"Halichoeres","zeylonicus",2334,"(Bennett, 1833)","Corinae",362,1901,NA,NA,"Labridae","Perciformes","Actinopterygii"
65401,"Halichoeres","zulu",83900,"Randall & King, 2010","Corinae",362,1901,NA,NA,"Labridae","Perciformes","Actinopterygii"
5635,"Hemigymnus","fasciatus",93095,"(Bloch, 1792)","Corinae",362,7903,NA,NA,"Labridae","Perciformes","Actinopterygii"
5636,"Hemigymnus","melapterus",2334,"(Bloch, 1791)","Corinae",362,7903,NA,NA,"Labridae","Perciformes","Actinopterygii"
5637,"Hologymnosus","annulatus",2334,"(Lacepède, 1801)","Corinae",362,271,NA,NA,"Labridae","Perciformes","Actinopterygii"
5638,"Hologymnosus","doliatus",2334,"(Lacepède, 1801)","Corinae",362,271,NA,NA,"Labridae","Perciformes","Actinopterygii"
13059,"Hologymnosus","longipes",2334,"(Günther, 1862)","Corinae",362,271,NA,NA,"Labridae","Perciformes","Actinopterygii"
7581,"Hologymnosus","rhodonotus",5277,"Randall & Yamakawa, 1988","Corinae",362,271,NA,NA,"Labridae","Perciformes","Actinopterygii"
5611,"Iniistius","aneitensis",2334,"(Günther, 1862)","Xyrichtyinae",362,5393,NA,NA,"Labridae","Perciformes","Actinopterygii"
59859,"Iniistius","auropunctatus",39775,"Randall, Earle & Robertson, 2002","Xyrichtyinae",362,5393,NA,NA,"Labridae","Perciformes","Actinopterygii"
57870,"Iniistius","baldwini",35918,"(Jordan & Evermann, 1903)","Xyrichtyinae",362,5393,NA,"<i>Hemipteronotus evides</i> valid.","Labridae","Perciformes","Actinopterygii"
14342,"Iniistius","bimaculatus",5374,"(Rüppell, 1829)","Xyrichtyinae",362,5393,NA,NA,"Labridae","Perciformes","Actinopterygii"
66975,"Iniistius","brevipinnis",93522,"Randall, 2013","Xyrichtyinae",362,5393,NA,NA,"Labridae","Perciformes","Actinopterygii"
5612,"Iniistius","celebicus",43887,"(Bleeker, 1856)","Xyrichtyinae",362,5393,NA,NA,"Labridae","Perciformes","Actinopterygii"
57871,"Iniistius","cyanifrons",36295,"(Valenciennes, 1840)","Xyrichtyinae",362,5393,NA,NA,"Labridae","Perciformes","Actinopterygii"
10501,"Iniistius","dea",559,"(Temminck & Schlegel, 1845)","Xyrichtyinae",362,5393,NA,NA,"Labridae","Perciformes","Actinopterygii"
66411,"Iniistius","evides",89041,"(Jordan & Richardson, 1909)","Xyrichtyinae",362,5393,NA,NA,"Labridae","Perciformes","Actinopterygii"
58754,"Iniistius","geisha",37816,"(Araga & Yoshino, 1986)","Xyrichtyinae",362,5393,NA,NA,"Labridae","Perciformes","Actinopterygii"
63440,"Iniistius","griffithsi",58466,"Randall, 2007","Xyrichtyinae",362,5393,NA,NA,"Labridae","Perciformes","Actinopterygii"
11673,"Iniistius","jacksonensis",3131,"(Ramsay, 1881)","Xyrichtyinae",362,5393,NA,NA,"Labridae","Perciformes","Actinopterygii"
23517,"Iniistius","melanopus",559,"(Bleeker, 1857)","Xyrichtyinae",362,5393,NA,NA,"Labridae","Perciformes","Actinopterygii"
66868,"Iniistius","naevus",90102,"Allen & Erdmann, 2012","Xyrichtyinae",362,5393,NA,NA,"Labridae","Perciformes","Actinopterygii"
5613,"Iniistius","pavo",2334,"(Valenciennes, 1840)","Xyrichtyinae",362,5393,NA,NA,"Labridae","Perciformes","Actinopterygii"
7747,"Iniistius","pentadactylus",2334,"(Linnaeus, 1758)","Xyrichtyinae",362,5393,NA,NA,"Labridae","Perciformes","Actinopterygii"
66414,"Iniistius","spilonotus",88079,"(Bleeker, 1857)","Xyrichtyinae",362,5393,NA,NA,"Labridae","Perciformes","Actinopterygii"
56574,"Iniistius","trivittatus",34279,"(Randall & Cornish, 2000)","Xyrichtyinae",362,5393,NA,NA,"Labridae","Perciformes","Actinopterygii"
23536,"Iniistius","twistii",559,"(Bleeker, 1856)","Xyrichtyinae",362,5393,NA,NA,"Labridae","Perciformes","Actinopterygii"
7766,"Iniistius","umbrilatus",43887,"(Jenkins, 1901)","Xyrichtyinae",362,5393,NA,NA,"Labridae","Perciformes","Actinopterygii"
23538,"Iniistius","verrens",559,"(Jordan & Evermann, 1902)","Xyrichtyinae",362,5393,NA,NA,"Labridae","Perciformes","Actinopterygii"
5109,"Labrichthys","unilineatus",2334,"(Guichenot, 1847)",NA,362,4645,NA,NA,"Labridae","Perciformes","Actinopterygii"
5650,"Labroides","bicolor",2334,"Fowler & Bean, 1928",NA,362,8089,NA,NA,"Labridae","Perciformes","Actinopterygii"
5459,"Labroides","dimidiatus",2334,"(Valenciennes, 1839)",NA,362,8089,NA,NA,"Labridae","Perciformes","Actinopterygii"
5651,"Labroides","pectoralis",2334,"Randall & Springer, 1975",NA,362,8089,NA,NA,"Labridae","Perciformes","Actinopterygii"
7765,"Labroides","phthirophagus",583,"Randall, 1958",NA,362,8089,NA,NA,"Labridae","Perciformes","Actinopterygii"
23530,"Labroides","rubrolabiatus",559,"Randall, 1958",NA,362,8089,NA,NA,"Labridae","Perciformes","Actinopterygii"
4863,"Labropsis","alleni",2137,"Randall, 1981",NA,362,4809,NA,NA,"Labridae","Perciformes","Actinopterygii"
4868,"Labropsis","australis",2334,"Randall, 1981",NA,362,4809,NA,NA,"Labridae","Perciformes","Actinopterygii"
4866,"Labropsis","manabei",2137,"Schmidt, 1931",NA,362,4809,NA,NA,"Labridae","Perciformes","Actinopterygii"
4867,"Labropsis","micronesica",2137,"Randall, 1981",NA,362,4809,NA,NA,"Labridae","Perciformes","Actinopterygii"
4864,"Labropsis","polynesica",2137,"Randall, 1981",NA,362,4809,NA,NA,"Labridae","Perciformes","Actinopterygii"
4865,"Labropsis","xanthonota",2334,"Randall, 1981",NA,362,4809,NA,NA,"Labridae","Perciformes","Actinopterygii"
572,"Labrus","bergylta",4742,"Ascanius, 1767",NA,362,719,NA,NA,"Labridae","Perciformes","Actinopterygii"
4582,"Labrus","merula",3397,"Linnaeus, 1758",NA,362,719,NA,NA,"Labridae","Perciformes","Actinopterygii"
1375,"Labrus","mixtus",4742,"Linnaeus, 1758",NA,362,719,NA,NA,"Labridae","Perciformes","Actinopterygii"
51659,"Labrus","viridis",3666,"Linnaeus, 1758",NA,362,719,NA,NA,"Labridae","Perciformes","Actinopterygii"
1071,"Lachnolaimus","maximus",7251,"(Walbaum, 1792)",NA,362,219,NA,NA,"Labridae","Perciformes","Actinopterygii"
22513,"Lappanella","fasciata",4742,"(Cocco, 1833)",NA,362,3351,NA,NA,"Labridae","Perciformes","Actinopterygii"
22517,"Lappanella","guineensis",5292,"Bauchot, 1969",NA,362,3351,NA,NA,"Labridae","Perciformes","Actinopterygii"
25788,"Larabicus","quadrilineatus",8883,"(Rüppell, 1835)",NA,362,1068,NA,NA,"Labridae","Perciformes","Actinopterygii"
26276,"Leptojulis","chrysotaenia",12420,"Randall & Ferraris, 1981",NA,362,8143,NA,NA,"Labridae","Perciformes","Actinopterygii"
10576,"Leptojulis","cyanopleura",12420,"(Bleeker, 1853)",NA,362,8143,NA,NA,"Labridae","Perciformes","Actinopterygii"
26286,"Leptojulis","lambdastigma",12420,"Randall & Ferraris, 1981",NA,362,8143,NA,NA,"Labridae","Perciformes","Actinopterygii"
26289,"Leptojulis","polylepis",12420,"Randall, 1996",NA,362,8143,NA,NA,"Labridae","Perciformes","Actinopterygii"
26288,"Leptojulis","urostigma",12420,"Randall, 1996",NA,362,8143,NA,NA,"Labridae","Perciformes","Actinopterygii"
7801,"Macropharyngodon","bipartitus",2694,"Smith, 1957","Corinae",362,7917,NA,NA,"Labridae","Perciformes","Actinopterygii"
13138,"Macropharyngodon","choati",2694,"Randall, 1978","Corinae",362,7917,NA,NA,"Labridae","Perciformes","Actinopterygii"
13136,"Macropharyngodon","cyanoguttatus",2694,"Randall, 1978","Corinae",362,7917,NA,NA,"Labridae","Perciformes","Actinopterygii"
7767,"Macropharyngodon","geoffroy",2694,"(Quoy & Gaimard, 1824)","Corinae",362,7917,NA,NA,"Labridae","Perciformes","Actinopterygii"
13141,"Macropharyngodon","kuiteri",2694,"Randall, 1978","Corinae",362,7917,NA,NA,"Labridae","Perciformes","Actinopterygii"
13137,"Macropharyngodon","marisrubri",93522,"Randall, 1978","Corinae",362,7917,1,NA,"Labridae","Perciformes","Actinopterygii"
4984,"Macropharyngodon","meleagris",2694,"(Valenciennes, 1839)","Corinae",362,7917,NA,NA,"Labridae","Perciformes","Actinopterygii"
23534,"Macropharyngodon","moyeri",559,"Shepard & Meyer, 1978","Corinae",362,7917,NA,NA,"Labridae","Perciformes","Actinopterygii"
4985,"Macropharyngodon","negrosensis",2694,"Herre, 1932","Corinae",362,7917,NA,NA,"Labridae","Perciformes","Actinopterygii"
12724,"Macropharyngodon","ornatus",2694,"Randall, 1978","Corinae",362,7917,NA,NA,"Labridae","Perciformes","Actinopterygii"
13140,"Macropharyngodon","vivienae",2694,"Randall, 1978","Corinae",362,7917,NA,NA,"Labridae","Perciformes","Actinopterygii"
56305,"Malapterus","reticulatus",33693,"Valenciennes, 1839",NA,362,790,NA,NA,"Labridae","Perciformes","Actinopterygii"
25781,"Minilabrus","striatus",9710,"Randall & Dor, 1980",NA,362,4793,NA,NA,"Labridae","Perciformes","Actinopterygii"
46850,"Notolabrus","celidotus",26203,"(Bloch & Schneider, 1801)",NA,362,9410,NA,NA,"Labridae","Perciformes","Actinopterygii"
46873,"Notolabrus","cinctus",26203,"(Hutton, 1877)",NA,362,9410,NA,NA,"Labridae","Perciformes","Actinopterygii"
14422,"Notolabrus","fucicola",26203,"(Richardson, 1840)",NA,362,9410,NA,NA,"Labridae","Perciformes","Actinopterygii"
46838,"Notolabrus","gymnogenis",26203,"(Günther, 1862)",NA,362,9410,NA,NA,"Labridae","Perciformes","Actinopterygii"
12794,"Notolabrus","inscriptus",26203,"(Richardson, 1848)",NA,362,9410,NA,NA,"Labridae","Perciformes","Actinopterygii"
46823,"Notolabrus","parilus",26203,"(Richardson, 1850)",NA,362,9410,NA,NA,"Labridae","Perciformes","Actinopterygii"
14426,"Notolabrus","tetricus",26203,"(Richardson, 1840)",NA,362,9410,NA,NA,"Labridae","Perciformes","Actinopterygii"
5610,"Novaculichthys","taeniourus",2334,"(Lacepède, 1801)","Cheilininae",362,3039,NA,NA,"Labridae","Perciformes","Actinopterygii"
5609,"Novaculoides","macrolepidotus",1602,"(Bloch, 1791)",NA,362,10796,NA,NA,"Labridae","Perciformes","Actinopterygii"
66986,"Novaculops","alvheimi",93522,"Randall, 2013","Xyrichtyinae",362,1466,NA,NA,"Labridae","Perciformes","Actinopterygii"
66092,"Novaculops","halsteadi",93522,"(Randall & Lobel, 2003)","Xyrichtyinae",362,1466,NA,NA,"Labridae","Perciformes","Actinopterygii"
62946,"Novaculops","koteamea",57578,"(Randall & Allen, 2004)","Xyrichtyinae",362,1466,NA,NA,"Labridae","Perciformes","Actinopterygii"
64285,"Novaculops","pastellus",78585,"(Randall, Earle & Rocha, 2008)","Xyrichtyinae",362,1466,NA,NA,"Labridae","Perciformes","Actinopterygii"
66098,"Novaculops","sciistius",78585,"(Jordan & Thompson, 1914)","Xyrichtyinae",362,1466,NA,NA,"Labridae","Perciformes","Actinopterygii"
23516,"Novaculops","woodi",43887,"(Jenkins, 1901)","Xyrichtyinae",362,1466,NA,NA,"Labridae","Perciformes","Actinopterygii"
56982,"Ophthalmolepis","lineolata",9002,"(Valenciennes, 1839)",NA,362,8493,NA,NA,"Labridae","Perciformes","Actinopterygii"
5595,"Oxycheilinus","arenatus",9823,"(Valenciennes, 1840)","Cheilininae",362,242,NA,NA,"Labridae","Perciformes","Actinopterygii"
5596,"Oxycheilinus","bimaculatus",7441,"(Valenciennes, 1840)","Cheilininae",362,242,NA,NA,"Labridae","Perciformes","Actinopterygii"
5597,"Oxycheilinus","celebicus",1602,"(Bleeker, 1853)","Cheilininae",362,242,NA,NA,"Labridae","Perciformes","Actinopterygii"
5599,"Oxycheilinus","digramma",2334,"(Lacepède, 1801)","Cheilininae",362,242,NA,NA,"Labridae","Perciformes","Actinopterygii"
63450,"Oxycheilinus","lineatus",56651,"Randall, Westneat & Gomon, 2003","Cheilininae",362,242,NA,NA,"Labridae","Perciformes","Actinopterygii"
12779,"Oxycheilinus","mentalis",8883,"(Rüppell, 1828)","Cheilininae",362,242,NA,NA,"Labridae","Perciformes","Actinopterygii"
62614,"Oxycheilinus","nigromarginatus",56651,"Randall, Westneat & Gomon, 2003","Cheilininae",362,242,NA,NA,"Labridae","Perciformes","Actinopterygii"
5601,"Oxycheilinus","orientalis",9823,"(Günther, 1862)","Cheilininae",362,242,NA,NA,"Labridae","Perciformes","Actinopterygii"
5605,"Oxycheilinus","unifasciatus",7441,"(Streets, 1877)","Cheilininae",362,242,NA,"Genus B. Mundy, pers. comm.","Labridae","Perciformes","Actinopterygii"
3670,"Oxyjulis","californica",2850,"(Günther, 1861)",NA,362,3218,NA,NA,"Labridae","Perciformes","Actinopterygii"
4845,"Paracheilinus","angulatus",2139,"Randall & Lubbock, 1981",NA,362,9301,NA,NA,"Labridae","Perciformes","Actinopterygii"
59513,"Paracheilinus","attenuatus",41634,"Randall, 1999",NA,362,9301,NA,NA,"Labridae","Perciformes","Actinopterygii"
25765,"Paracheilinus","bellae",9710,"Randall, 1988",NA,362,9301,NA,NA,"Labridae","Perciformes","Actinopterygii"
4843,"Paracheilinus","carpenteri",2139,"Randall & Lubbock, 1981",NA,362,9301,NA,NA,"Labridae","Perciformes","Actinopterygii"
59647,"Paracheilinus","cyaneus",35918,"Kuiter & Allen, 1999",NA,362,9301,NA,NA,"Labridae","Perciformes","Actinopterygii"
4844,"Paracheilinus","filamentosus",2139,"Allen, 1974",NA,362,9301,NA,NA,"Labridae","Perciformes","Actinopterygii"
59645,"Paracheilinus","flavianalis",35918,"Kuiter & Allen, 1999",NA,362,9301,NA,NA,"Labridae","Perciformes","Actinopterygii"
4846,"Paracheilinus","hemitaeniatus",2152,"Randall & Harmelin-Vivien, 1977",NA,362,9301,NA,NA,"Labridae","Perciformes","Actinopterygii"
4841,"Paracheilinus","lineopunctatus",2139,"Randall & Lubbock, 1981",NA,362,9301,NA,NA,"Labridae","Perciformes","Actinopterygii"
4842,"Paracheilinus","mccoskeri",2139,"Randall & Harmelin-Vivien, 1977",NA,362,9301,NA,NA,"Labridae","Perciformes","Actinopterygii"
63704,"Paracheilinus","nursalim",74967,"Allen & Erdmann, 2008",NA,362,9301,NA,NA,"Labridae","Perciformes","Actinopterygii"
4840,"Paracheilinus","octotaenia",2139,"Fourmanoir, 1955",NA,362,9301,NA,NA,"Labridae","Perciformes","Actinopterygii"
59512,"Paracheilinus","piscilineatus",41634,"(Cornic, 1987)",NA,362,9301,NA,NA,"Labridae","Perciformes","Actinopterygii"
61860,"Paracheilinus","rubricaudalis",52305,"Randall & Allen, 2003",NA,362,9301,NA,NA,"Labridae","Perciformes","Actinopterygii"
59652,"Paracheilinus","togeanensis",35918,"Kuiter & Allen, 1999",NA,362,9301,NA,NA,"Labridae","Perciformes","Actinopterygii"
63983,"Paracheilinus","walton",75887,"Allen & Erdmann, 2006",NA,362,9301,NA,NA,"Labridae","Perciformes","Actinopterygii"
5372,"Parajulis","poecilepterus",559,"(Temminck & Schlegel, 1845)","Corinae",362,6123,NA,NA,"Labridae","Perciformes","Actinopterygii"
54369,"Pictilabrus","brauni",31790,"Hutchins & Morrison, 1996",NA,362,3352,NA,NA,"Labridae","Perciformes","Actinopterygii"
46975,"Pictilabrus","laticlavius",26203,"(Richardson, 1840)",NA,362,3352,NA,NA,"Labridae","Perciformes","Actinopterygii"
46982,"Pictilabrus","viridis",26203,"Russell, 1988",NA,362,3352,NA,NA,"Labridae","Perciformes","Actinopterygii"
13847,"Polylepion","cruentum",9311,"Gomon, 1977",NA,362,10304,NA,NA,"Labridae","Perciformes","Actinopterygii"
13040,"Polylepion","russelli",559,"(Gomon & Randall, 1975)",NA,362,10304,NA,NA,"Labridae","Perciformes","Actinopterygii"
5615,"Pseudocheilinops","ataenia",9823,"Schultz, 1960","Cheilininae",362,6387,NA,NA,"Labridae","Perciformes","Actinopterygii"
55229,"Pseudocheilinus","citrinus",33410,"Randall, 1999","Cheilininae",362,1863,NA,NA,"Labridae","Perciformes","Actinopterygii"
55238,"Pseudocheilinus","dispilus",33410,"Randall, 1999","Cheilininae",362,1863,NA,NA,"Labridae","Perciformes","Actinopterygii"
5616,"Pseudocheilinus","evanidus",33410,"Jordan & Evermann, 1903","Cheilininae",362,1863,NA,NA,"Labridae","Perciformes","Actinopterygii"
5617,"Pseudocheilinus","hexataenia",33410,"(Bleeker, 1857)","Cheilininae",362,1863,NA,NA,"Labridae","Perciformes","Actinopterygii"
55234,"Pseudocheilinus","ocellatus",33410,"Randall, 1999","Cheilininae",362,1863,NA,NA,"Labridae","Perciformes","Actinopterygii"
5618,"Pseudocheilinus","octotaenia",33410,"Jenkins, 1901","Cheilininae",362,1863,NA,NA,"Labridae","Perciformes","Actinopterygii"
5619,"Pseudocheilinus","tetrataenia",33410,"Schultz, 1960","Cheilininae",362,1863,NA,NA,"Labridae","Perciformes","Actinopterygii"
63849,"Pseudocoris","aequalis",75622,"Randall & Walsh, 2008","Corinae",362,2699,NA,NA,"Labridae","Perciformes","Actinopterygii"
25783,"Pseudocoris","aurantiofasciata",9710,"Fourmanoir, 1971","Corinae",362,2699,NA,NA,"Labridae","Perciformes","Actinopterygii"
59631,"Pseudocoris","bleekeri",35918,"(Hubrecht, 1876)","Corinae",362,2699,NA,NA,"Labridae","Perciformes","Actinopterygii"
11620,"Pseudocoris","heteroptera",6192,"(Bleeker, 1857)","Corinae",362,2699,NA,NA,"Labridae","Perciformes","Actinopterygii"
27078,"Pseudocoris","ocellata",35918,"Chen & Shao, 1995","Corinae",362,2699,NA,NA,"Labridae","Perciformes","Actinopterygii"
66869,"Pseudocoris","petila",90102,"Allen & Erdmann, 2012","Corinae",362,2699,NA,NA,"Labridae","Perciformes","Actinopterygii"
5639,"Pseudocoris","yamashiroi",2334,"(Schmidt, 1931)","Corinae",362,2699,NA,NA,"Labridae","Perciformes","Actinopterygii"
5594,"Pseudodax","moluccanus",9823,"(Valenciennes, 1840)","Pseudodacinae",362,1721,NA,NA,"Labridae","Perciformes","Actinopterygii"
4847,"Pseudojuloides","argyreogaster",2140,"(Günther, 1867)","Corinae",362,4976,NA,NA,"Labridae","Perciformes","Actinopterygii"
4849,"Pseudojuloides","atavai",2140,"Randall & Randall, 1981","Corinae",362,4976,NA,NA,"Labridae","Perciformes","Actinopterygii"
4851,"Pseudojuloides","cerasinus",2140,"(Snyder, 1904)","Corinae",362,4976,NA,NA,"Labridae","Perciformes","Actinopterygii"
4848,"Pseudojuloides","elongatus",2140,"Ayling & Russell, 1977","Corinae",362,4976,NA,NA,"Labridae","Perciformes","Actinopterygii"
4854,"Pseudojuloides","erythrops",2140,"Randall & Randall, 1981","Corinae",362,4976,NA,NA,"Labridae","Perciformes","Actinopterygii"
59642,"Pseudojuloides","inornatus",35918,"(Gilbert, 1890)","Corinae",362,4976,NA,NA,"Labridae","Perciformes","Actinopterygii"
57494,"Pseudojuloides","kaleidos",30829,"Kuiter & Randall, 1995","Corinae",362,4976,NA,NA,"Labridae","Perciformes","Actinopterygii"
4853,"Pseudojuloides","mesostigma",2140,"Randall & Randall, 1981","Corinae",362,4976,NA,NA,"Labridae","Perciformes","Actinopterygii"
4850,"Pseudojuloides","pyrius",2140,"Randall & Randall, 1981","Corinae",362,4976,NA,NA,"Labridae","Perciformes","Actinopterygii"
59626,"Pseudojuloides","severnsi",35918,"Bellwood & Randall, 2000","Corinae",362,4976,NA,NA,"Labridae","Perciformes","Actinopterygii"
4852,"Pseudojuloides","xanthomos",2140,"Randall & Randall, 1981","Corinae",362,4976,NA,NA,"Labridae","Perciformes","Actinopterygii"
46934,"Pseudolabrus","biserialis",26203,"(Klunzinger, 1880)",NA,362,1109,NA,NA,"Labridae","Perciformes","Actinopterygii"
59646,"Pseudolabrus","eoethinus",35918,"(Richardson, 1846)",NA,362,1109,NA,"Considered as a junior synonym of <i>Pseudolabrus japonicus</i> (Houttuyn, 1782) by Russell (1988) (Ref. 26203).","Labridae","Perciformes","Actinopterygii"
46949,"Pseudolabrus","fuentesi",26203,"(Regan, 1913)",NA,362,1109,NA,NA,"Labridae","Perciformes","Actinopterygii"
46923,"Pseudolabrus","gayi",26203,"(Valenciennes, 1839)",NA,362,1109,NA,NA,"Labridae","Perciformes","Actinopterygii"
13155,"Pseudolabrus","guentheri",26203,"Bleeker, 1862",NA,362,1109,NA,NA,"Labridae","Perciformes","Actinopterygii"
12795,"Pseudolabrus","japonicus",26203,"(Houttuyn, 1782)",NA,362,1109,NA,NA,"Labridae","Perciformes","Actinopterygii"
12796,"Pseudolabrus","luculentus",26203,"(Richardson, 1848)",NA,362,1109,NA,NA,"Labridae","Perciformes","Actinopterygii"
46965,"Pseudolabrus","miles",26203,"(Schneider & Forster, 1801)",NA,362,1109,NA,NA,"Labridae","Perciformes","Actinopterygii"
14424,"Pseudolabrus","rubicundus",35918,"(Macleay, 1881)",NA,362,1109,1,"Species incertae sedis in Labridae according to Allen <i>et al.</i> (2006: Ref. 75154).  This species is uncertain in Eschmeyer (CofF ver. Jul. 2010: Ref. 84883).  Please send references, or more studies are needed.","Labridae","Perciformes","Actinopterygii"
46956,"Pseudolabrus","semifasciatus",26203,"(Rendahl, 1921)",NA,362,1109,NA,NA,"Labridae","Perciformes","Actinopterygii"
57440,"Pseudolabrus","sieboldi",33021,"Mabuchi & Nakabo, 1997",NA,362,1109,NA,NA,"Labridae","Perciformes","Actinopterygii"
46959,"Pseudolabrus","torotai",26203,"Russell & Randall, 1981",NA,362,1109,NA,NA,"Labridae","Perciformes","Actinopterygii"
59629,"Pteragogus","aurigarius",35918,"(Richardson, 1845)","Cheilininae",362,10359,NA,NA,"Labridae","Perciformes","Actinopterygii"
66976,"Pteragogus","clarkae",93522,"Randall, 2013","Cheilininae",362,10359,NA,NA,"Labridae","Perciformes","Actinopterygii"
5620,"Pteragogus","cryptus",2334,"Randall, 1981","Cheilininae",362,10359,NA,NA,"Labridae","Perciformes","Actinopterygii"
52464,"Pteragogus","enneacanthus",9002,"(Bleeker, 1853)","Cheilininae",362,10359,NA,NA,"Labridae","Perciformes","Actinopterygii"
8022,"Pteragogus","flagellifer",4392,"(Valenciennes, 1839)","Cheilininae",362,10359,NA,NA,"Labridae","Perciformes","Actinopterygii"
5621,"Pteragogus","guttatus",1602,"(Fowler & Bean, 1928)","Cheilininae",362,10359,NA,NA,"Labridae","Perciformes","Actinopterygii"
8023,"Pteragogus","pelycus",4392,"Randall, 1981","Cheilininae",362,10359,NA,NA,"Labridae","Perciformes","Actinopterygii"
8024,"Pteragogus","taeniops",4392,"(Peters, 1855)","Cheilininae",362,10359,NA,NA,"Labridae","Perciformes","Actinopterygii"
66979,"Pteragogus","trispilus",93522,"Randall, 2013","Cheilininae",362,10359,NA,NA,"Labridae","Perciformes","Actinopterygii"
66977,"Pteragogus","variabilis",93522,"Randall, 2013","Cheilininae",362,10359,NA,NA,"Labridae","Perciformes","Actinopterygii"
12859,"Semicossyphus","darwini",5590,"(Jenyns, 1842)",NA,362,321,NA,NA,"Labridae","Perciformes","Actinopterygii"
3671,"Semicossyphus","pulcher",2850,"(Ayres, 1854)",NA,362,321,NA,NA,"Labridae","Perciformes","Actinopterygii"
23626,"Semicossyphus","reticulatus",559,"(Valenciennes, 1839)",NA,362,321,NA,NA,"Labridae","Perciformes","Actinopterygii"
8025,"Stethojulis","albovittata",36378,"(Bonnaterre, 1788)","Corinae",362,5483,NA,NA,"Labridae","Perciformes","Actinopterygii"
7828,"Stethojulis","balteata",36378,"(Quoy & Gaimard, 1824)","Corinae",362,5483,NA,NA,"Labridae","Perciformes","Actinopterygii"
5640,"Stethojulis","bandanensis",36378,"(Bleeker, 1851)","Corinae",362,5483,NA,NA,"Labridae","Perciformes","Actinopterygii"
6633,"Stethojulis","interrupta",36378,"(Bleeker, 1851)","Corinae",362,5483,NA,NA,"Labridae","Perciformes","Actinopterygii"
12783,"Stethojulis","maculata",36378,"Schmidt, 1931","Corinae",362,5483,NA,NA,"Labridae","Perciformes","Actinopterygii"
57372,"Stethojulis","marquesensis",36378,"Randall, 2000","Corinae",362,5483,NA,NA,"Labridae","Perciformes","Actinopterygii"
57373,"Stethojulis","notialis",36378,"Randall, 2000","Corinae",362,5483,NA,NA,"Labridae","Perciformes","Actinopterygii"
5641,"Stethojulis","strigiventer",36378,"(Bennett, 1833)","Corinae",362,5483,NA,NA,"Labridae","Perciformes","Actinopterygii"
57374,"Stethojulis","terina",36378,"Jordan & Snyder, 1902","Corinae",362,5483,NA,NA,"Labridae","Perciformes","Actinopterygii"
6622,"Stethojulis","trilineata",36378,"(Bloch & Schneider, 1801)","Corinae",362,5483,NA,NA,"Labridae","Perciformes","Actinopterygii"
4412,"Suezichthys","arquatus",530,"Russell, 1985",NA,362,8933,NA,NA,"Labridae","Perciformes","Actinopterygii"
4406,"Suezichthys","aylingi",530,"Russell, 1985",NA,362,8933,NA,NA,"Labridae","Perciformes","Actinopterygii"
59630,"Suezichthys","bifurcatus",33839,"Russell, 1986",NA,362,8933,NA,NA,"Labridae","Perciformes","Actinopterygii"
4409,"Suezichthys","caudavittatus",530,"(Steindachner, 1898)",NA,362,8933,NA,NA,"Labridae","Perciformes","Actinopterygii"
4411,"Suezichthys","cyanolaemus",530,"Russell, 1985",NA,362,8933,NA,NA,"Labridae","Perciformes","Actinopterygii"
56981,"Suezichthys","devisi",9002,"(Whitley, 1941)",NA,362,8933,NA,"Currently a synonym of <i>Suezichthys gracilis</i> (Steindachner & Döderlein, 1887), but probably is a distinct species (Barry Russell, pers. Comm, 11/07/13).","Labridae","Perciformes","Actinopterygii"
4407,"Suezichthys","gracilis",530,"(Steindachner & Döderlein, 1887)",NA,362,8933,NA,NA,"Labridae","Perciformes","Actinopterygii"
4410,"Suezichthys","notatus",530,"(Kamohara, 1958)",NA,362,8933,NA,NA,"Labridae","Perciformes","Actinopterygii"
58373,"Suezichthys","ornatus",35918,"(Carmichael, 1819)",NA,362,8933,NA,NA,"Labridae","Perciformes","Actinopterygii"
67040,"Suezichthys","rosenblatti",93340,"Russell & Westneat, 2013",NA,362,8933,NA,NA,"Labridae","Perciformes","Actinopterygii"
4413,"Suezichthys","russelli",530,"Randall, 1981",NA,362,8933,NA,NA,"Labridae","Perciformes","Actinopterygii"
4408,"Suezichthys","soelae",530,"Russell, 1985",NA,362,8933,NA,NA,"Labridae","Perciformes","Actinopterygii"
9186,"Symphodus","bailloni",5292,"(Valenciennes, 1839)",NA,362,4373,NA,NA,"Labridae","Perciformes","Actinopterygii"
1791,"Symphodus","cinereus",3397,"(Bonnaterre, 1788)",NA,362,4373,NA,NA,"Labridae","Perciformes","Actinopterygii"
54573,"Symphodus","doderleini",4742,"Jordan, 1890",NA,362,4373,NA,NA,"Labridae","Perciformes","Actinopterygii"
4578,"Symphodus","mediterraneus",4742,"(Linnaeus, 1758)",NA,362,4373,NA,NA,"Labridae","Perciformes","Actinopterygii"
16339,"Symphodus","melanocercus",4742,"(Risso, 1810)",NA,362,4373,NA,NA,"Labridae","Perciformes","Actinopterygii"
59,"Symphodus","melops",4742,"(Linnaeus, 1758)",NA,362,4373,NA,NA,"Labridae","Perciformes","Actinopterygii"
1792,"Symphodus","ocellatus",4742,"(Linnaeus, 1758)",NA,362,4373,1,"See nomenclatural details in Eschmeyer (CofF ver. Oct. 2012: Ref. 92135).","Labridae","Perciformes","Actinopterygii"
1709,"Symphodus","roissali",4742,"(Risso, 1810)",NA,362,4373,NA,NA,"Labridae","Perciformes","Actinopterygii"
4580,"Symphodus","rostratus",4742,"(Bloch, 1791)",NA,362,4373,NA,NA,"Labridae","Perciformes","Actinopterygii"
1708,"Symphodus","tinca",4742,"(Linnaeus, 1758)",NA,362,4373,NA,NA,"Labridae","Perciformes","Actinopterygii"
458,"Tautoga","onitis",4926,"(Linnaeus, 1758)",NA,362,777,NA,NA,"Labridae","Perciformes","Actinopterygii"
3672,"Tautogolabrus","adspersus",7251,"(Walbaum, 1792)",NA,362,5912,NA,NA,"Labridae","Perciformes","Actinopterygii"
59475,"Terelabrus","rubrovittatus",33414,"Randall & Fourmanoir, 1998",NA,362,4694,NA,NA,"Labridae","Perciformes","Actinopterygii"
5642,"Thalassoma","amblycephalum",2334,"(Bleeker, 1856)","Corinae",362,2886,NA,NA,"Labridae","Perciformes","Actinopterygii"
22521,"Thalassoma","ascensionis",5292,"(Quoy & Gaimard, 1834)","Corinae",362,2886,NA,NA,"Labridae","Perciformes","Actinopterygii"
7771,"Thalassoma","ballieui",35918,"(Vaillant & Sauvage, 1875)","Corinae",362,2886,NA,NA,"Labridae","Perciformes","Actinopterygii"
3673,"Thalassoma","bifasciatum",7251,"(Bloch, 1791)","Corinae",362,2886,NA,NA,"Labridae","Perciformes","Actinopterygii"
6587,"Thalassoma","cupido",559,"(Temminck & Schlegel, 1845)","Corinae",362,2886,NA,NA,"Labridae","Perciformes","Actinopterygii"
7770,"Thalassoma","duperrey",3921,"(Quoy & Gaimard, 1824)","Corinae",362,2886,NA,NA,"Labridae","Perciformes","Actinopterygii"
25809,"Thalassoma","genivittatum",4392,"(Valenciennes, 1839)","Corinae",362,2886,NA,NA,"Labridae","Perciformes","Actinopterygii"
13822,"Thalassoma","grammaticum",9311,"Gilbert, 1890","Corinae",362,2886,NA,NA,"Labridae","Perciformes","Actinopterygii"
5643,"Thalassoma","hardwicke",2334,"(Bennett, 1830)","Corinae",362,2886,NA,NA,"Labridae","Perciformes","Actinopterygii"
8019,"Thalassoma","hebraicum",4392,"(Lacepède, 1801)","Corinae",362,2886,NA,NA,"Labridae","Perciformes","Actinopterygii"
56820,"Thalassoma","heiseri",10372,"Randall & Edwards, 1984","Corinae",362,2886,NA,NA,"Labridae","Perciformes","Actinopterygii"
5644,"Thalassoma","jansenii",2334,"(Bleeker, 1856)","Corinae",362,2886,NA,NA,"Labridae","Perciformes","Actinopterygii"
26968,"Thalassoma","loxum",10681,"Randall & Mee, 1994","Corinae",362,2886,NA,NA,"Labridae","Perciformes","Actinopterygii"
13860,"Thalassoma","lucasanum",9311,"(Gill, 1862)","Corinae",362,2886,NA,NA,"Labridae","Perciformes","Actinopterygii"
5645,"Thalassoma","lunare",2334,"(Linnaeus, 1758)","Corinae",362,2886,NA,NA,"Labridae","Perciformes","Actinopterygii"
5646,"Thalassoma","lutescens",2334,"(Lay & Bennett, 1839)","Corinae",362,2886,NA,NA,"Labridae","Perciformes","Actinopterygii"
61674,"Thalassoma","newtoni",50607,"(Osório, 1891)","Corinae",362,2886,NA,NA,"Labridae","Perciformes","Actinopterygii"
62952,"Thalassoma","nigrofasciatum",57555,"Randall, 2003","Corinae",362,2886,NA,NA,"Labridae","Perciformes","Actinopterygii"
27235,"Thalassoma","noronhanum",13121,"(Boulenger, 1890)","Corinae",362,2886,NA,NA,"Labridae","Perciformes","Actinopterygii"
2500,"Thalassoma","pavo",5292,"(Linnaeus, 1758)","Corinae",362,2886,NA,NA,"Labridae","Perciformes","Actinopterygii"
5647,"Thalassoma","purpureum",2334,"(Forsskål, 1775)","Corinae",362,2886,NA,NA,"Labridae","Perciformes","Actinopterygii"
5648,"Thalassoma","quinquevittatum",2334,"(Lay & Bennett, 1839)","Corinae",362,2886,NA,NA,"Labridae","Perciformes","Actinopterygii"
59638,"Thalassoma","robertsoni",35918,"Allen, 1995","Corinae",362,2886,NA,NA,"Labridae","Perciformes","Actinopterygii"
25787,"Thalassoma","rueppellii",8883,"(Klunzinger, 1871)","Corinae",362,2886,NA,NA,"Labridae","Perciformes","Actinopterygii"
59651,"Thalassoma","sanctaehelenae",35918,"(Valenciennes, 1839)","Corinae",362,2886,NA,NA,"Labridae","Perciformes","Actinopterygii"
59650,"Thalassoma","septemfasciatum",35918,"Scott, 1959","Corinae",362,2886,NA,NA,"Labridae","Perciformes","Actinopterygii"
5649,"Thalassoma","trilobatum",2334,"(Lacepède, 1801)","Corinae",362,2886,NA,"<i>Thalassoma fuscum</i> (Lacepède, 1801) considered as a separate valid species  in Dor 1984 (Ref. 2198) and CoF (Eschmeyer, 1998: Ref. 26282).","Labridae","Perciformes","Actinopterygii"
13821,"Thalassoma","virens",9311,"Gilbert, 1890","Corinae",362,2886,NA,NA,"Labridae","Perciformes","Actinopterygii"
4869,"Wetmorella","albofasciata",2138,"Schultz & Marshall, 1954","Cheilininae",362,417,NA,NA,"Labridae","Perciformes","Actinopterygii"
4870,"Wetmorella","nigropinnata",2138,"(Seale, 1901)","Cheilininae",362,417,NA,NA,"Labridae","Perciformes","Actinopterygii"
64216,"Wetmorella","tanakai",75144,"Randall & Kuiter, 2007","Cheilininae",362,417,NA,NA,"Labridae","Perciformes","Actinopterygii"
4871,"Xenojulis","margaritaceus",2154,"(Macleay, 1883)",NA,362,4996,NA,NA,"Labridae","Perciformes","Actinopterygii"
8304,"Xiphocheilus","typus",9823,"Bleeker, 1856",NA,362,3706,NA,NA,"Labridae","Perciformes","Actinopterygii"
22527,"Xyrichtys","blanchardi",5292,"(Cadenat & Marchal, 1963)","Xyrichtyinae",362,7944,NA,NA,"Labridae","Perciformes","Actinopterygii"
59643,"Xyrichtys","incandescens",35918,"Edwards & Lubbock, 1981","Xyrichtyinae",362,7944,NA,NA,"Labridae","Perciformes","Actinopterygii"
56499,"Xyrichtys","javanicus",12541,"(Bleeker, 1862)","Xyrichtyinae",362,7944,NA,"This species supposedly described from Indonesia (""Java"" as indicated in the name) is doubtful (Ref. 78585:157; Ref: 88079:30,37).  Please, send references or more studies are needed.","Labridae","Perciformes","Actinopterygii"
3668,"Xyrichtys","martinicensis",7251,"Valenciennes, 1840","Xyrichtyinae",362,7944,NA,NA,"Labridae","Perciformes","Actinopterygii"
57449,"Xyrichtys","mundiceps",35918,"Gill, 1862","Xyrichtyinae",362,7944,NA,NA,"Labridae","Perciformes","Actinopterygii"
4581,"Xyrichtys","novacula",5292,"(Linnaeus, 1758)","Xyrichtyinae",362,7944,NA,NA,"Labridae","Perciformes","Actinopterygii"
59653,"Xyrichtys","rajagopalani",35918,"Venkataramanujam, Venkataramani & Ramanathan, 1987","Xyrichtyinae",362,7944,NA,NA,"Labridae","Perciformes","Actinopterygii"
22528,"Xyrichtys","sanctaehelenae",5292,"(Günther, 1868)","Xyrichtyinae",362,7944,NA,NA,"Labridae","Perciformes","Actinopterygii"
3669,"Xyrichtys","splendens",7251,"Castelnau, 1855","Xyrichtyinae",362,7944,NA,NA,"Labridae","Perciformes","Actinopterygii"
46579,"Xyrichtys","victori",11482,"Wellington, 1992","Xyrichtyinae",362,7944,NA,NA,"Labridae","Perciformes","Actinopterygii"
26120,"Xyrichtys","virens",12255,"Valenciennes, 1840","Xyrichtyinae",362,7944,NA,NA,"Labridae","Perciformes","Actinopterygii"
59639,"Xyrichtys","wellingtoni",35918,"Allen & Robertson, 1995","Xyrichtyinae",362,7944,NA,NA,"Labridae","Perciformes","Actinopterygii"
5537,"Bolbometopon","muricatum",2334,"(Valenciennes, 1840)","Scarinae",364,8060,NA,NA,"Scaridae","Perciformes","Actinopterygii"
4355,"Calotomus","carolinus",525,"(Valenciennes, 1840)","Sparisomatinae",364,8132,NA,NA,"Scaridae","Perciformes","Actinopterygii"
4356,"Calotomus","japonicus",525,"(Valenciennes, 1840)","Sparisomatinae",364,8132,NA,NA,"Scaridae","Perciformes","Actinopterygii"
4357,"Calotomus","spinidens",525,"(Quoy & Gaimard, 1824)","Sparisomatinae",364,8132,NA,NA,"Scaridae","Perciformes","Actinopterygii"
4358,"Calotomus","viridescens",525,"(Rüppell, 1835)","Sparisomatinae",364,8132,NA,NA,"Scaridae","Perciformes","Actinopterygii"
4359,"Calotomus","zonarchus",525,"(Jenkins, 1903)","Sparisomatinae",364,8132,NA,NA,"Scaridae","Perciformes","Actinopterygii"
5538,"Cetoscarus","bicolor",2334,"(Rüppell, 1829)","Scarinae",364,3953,NA,NA,"Scaridae","Perciformes","Actinopterygii"
66097,"Cetoscarus","ocellatus",54980,"(Valenciennes, 1840)","Scarinae",364,3953,NA,NA,"Scaridae","Perciformes","Actinopterygii"
7907,"Chlorurus","atrilunula",3488,"(Randall & Bruce, 1983)","Scarinae",364,4235,NA,NA,"Scaridae","Perciformes","Actinopterygii"
4976,"Chlorurus","bleekeri",2334,"(de Beaufort, 1940)","Scarinae",364,4235,NA,NA,"Scaridae","Perciformes","Actinopterygii"
5542,"Chlorurus","bowersi",1602,"(Snyder, 1909)","Scarinae",364,4235,NA,NA,"Scaridae","Perciformes","Actinopterygii"
25677,"Chlorurus","capistratoides",11064,"(Bleeker, 1847)","Scarinae",364,4235,NA,NA,"Scaridae","Perciformes","Actinopterygii"
7909,"Chlorurus","cyanescens",3488,"(Valenciennes, 1840)","Scarinae",364,4235,NA,NA,"Scaridae","Perciformes","Actinopterygii"
7910,"Chlorurus","enneacanthus",5490,"(Lacepède, 1802)","Scarinae",364,4235,NA,NA,"Scaridae","Perciformes","Actinopterygii"
5547,"Chlorurus","frontalis",2334,"(Valenciennes, 1840)","Scarinae",364,4235,NA,NA,"Scaridae","Perciformes","Actinopterygii"
14382,"Chlorurus","genazonatus",8883,"(Randall & Bruce, 1983)","Scarinae",364,4235,NA,NA,"Scaridae","Perciformes","Actinopterygii"
4979,"Chlorurus","gibbus",35918,"(Rüppell, 1829)","Scarinae",364,4235,NA,NA,"Scaridae","Perciformes","Actinopterygii"
4978,"Chlorurus","japanensis",2689,"(Bloch, 1789)","Scarinae",364,4235,NA,NA,"Scaridae","Perciformes","Actinopterygii"
60479,"Chlorurus","microrhinos",35918,"(Bleeker, 1854)","Scarinae",364,4235,NA,NA,"Scaridae","Perciformes","Actinopterygii"
8394,"Chlorurus","oedema",559,"(Snyder, 1909)","Scarinae",364,4235,NA,NA,"Scaridae","Perciformes","Actinopterygii"
7829,"Chlorurus","perspicillatus",3921,"(Steindachner, 1879)","Scarinae",364,4235,NA,NA,"Scaridae","Perciformes","Actinopterygii"
47069,"Chlorurus","rhakoura",26241,"Randall & Anderson, 1997","Scarinae",364,4235,NA,NA,"Scaridae","Perciformes","Actinopterygii"
5556,"Chlorurus","sordidus",12965,"(Forsskål, 1775)","Scarinae",364,4235,NA,NA,"Scaridae","Perciformes","Actinopterygii"
66478,"Chlorurus","spilurus",88079,"(Valenciennes, 1840)","Scarinae",364,4235,NA,NA,"Scaridae","Perciformes","Actinopterygii"
12833,"Chlorurus","strongylocephalus",11064,"(Bleeker, 1855)","Scarinae",364,4235,NA,NA,"Scaridae","Perciformes","Actinopterygii"
4977,"Chlorurus","troschelii",11064,"(Bleeker, 1853)","Scarinae",364,4235,NA,NA,"Scaridae","Perciformes","Actinopterygii"
3674,"Cryptotomus","roseus",7251,"Cope, 1871","Sparisomatinae",364,2179,NA,NA,"Scaridae","Perciformes","Actinopterygii"
7906,"Hipposcarus","harid",3488,"(Forsskål, 1775)","Scarinae",364,7209,NA,NA,"Scaridae","Perciformes","Actinopterygii"
5539,"Hipposcarus","longiceps",2334,"(Valenciennes, 1840)","Scarinae",364,7209,NA,NA,"Scaridae","Perciformes","Actinopterygii"
4360,"Leptoscarus","vaigiensis",525,"(Quoy & Gaimard, 1824)","Sparisomatinae",364,2325,NA,NA,"Scaridae","Perciformes","Actinopterygii"
13980,"Nicholsina","denticulata",9338,"(Evermann & Radcliffe, 1917)","Sparisomatinae",364,8801,NA,NA,"Scaridae","Perciformes","Actinopterygii"
22538,"Nicholsina","usta collettei",7360,"Schultz, 1968","Sparisomatinae",364,8801,1,"Issue on validity of subspecies:  subspecies considered as valid in FB, elevated to species rank as <i>Nicholsina collettei</i> Schultz, 1968 in Eschmeyer (CofF ver. Mar. 2011: Ref. 86697).  Please send references, or more studies are needed.","Scaridae","Perciformes","Actinopterygii"
1151,"Nicholsina","usta usta",7251,"(Valenciennes, 1840)","Sparisomatinae",364,8801,1,"Issue on validity of subspecies:  subspecies considered as valid in FB, elevated to species rank as <i>Nicholsina usta</i> (Valenciennes, 1840) in Eschmeyer (CofF ver. Mar. 2011: Ref. 86697).  Please send references, or more studies are needed.","Scaridae","Perciformes","Actinopterygii"
5540,"Scarus","altipinnis",35918,"(Steindachner, 1879)","Scarinae",364,4784,NA,NA,"Scaridae","Perciformes","Actinopterygii"
12661,"Scarus","arabicus",35918,"(Steindachner, 1902)","Scarinae",364,4784,NA,NA,"Scaridae","Perciformes","Actinopterygii"
7908,"Scarus","caudofasciatus",35918,"(Günther, 1862)","Scarinae",364,4784,NA,NA,"Scaridae","Perciformes","Actinopterygii"
5543,"Scarus","chameleon",35918,"Choat & Randall, 1986","Scarinae",364,4784,NA,NA,"Scaridae","Perciformes","Actinopterygii"
60439,"Scarus","chinensis",35918,"(Steindachner, 1867)","Scarinae",364,4784,NA,NA,"Scaridae","Perciformes","Actinopterygii"
1152,"Scarus","coelestinus",35918,"Valenciennes, 1840","Scarinae",364,4784,NA,NA,"Scaridae","Perciformes","Actinopterygii"
1153,"Scarus","coeruleus",35918,"(Edwards, 1771)","Scarinae",364,4784,NA,NA,"Scaridae","Perciformes","Actinopterygii"
14379,"Scarus","collana",35918,"Rüppell, 1835","Scarinae",364,4784,NA,NA,"Scaridae","Perciformes","Actinopterygii"
13981,"Scarus","compressus",35918,"(Osburn & Nichols, 1916)","Scarinae",364,4784,NA,NA,"Scaridae","Perciformes","Actinopterygii"
4973,"Scarus","dimidiatus",35918,"Bleeker, 1859","Scarinae",364,4784,NA,NA,"Scaridae","Perciformes","Actinopterygii"
4967,"Scarus","dubius",35918,"Bennett, 1828","Scarinae",364,4784,NA,NA,"Scaridae","Perciformes","Actinopterygii"
7911,"Scarus","falcipinnis",35918,"(Playfair, 1868)","Scarinae",364,4784,NA,NA,"Scaridae","Perciformes","Actinopterygii"
14380,"Scarus","ferrugineus",35918,"Forsskål, 1775","Scarinae",364,4784,NA,NA,"Scaridae","Perciformes","Actinopterygii"
5544,"Scarus","festivus",35918,"Valenciennes, 1840","Scarinae",364,4784,NA,NA,"Scaridae","Perciformes","Actinopterygii"
4968,"Scarus","flavipectoralis",35918,"Schultz, 1958","Scarinae",364,4784,NA,NA,"Scaridae","Perciformes","Actinopterygii"
5545,"Scarus","forsteni",35918,"(Bleeker, 1861)","Scarinae",364,4784,NA,NA,"Scaridae","Perciformes","Actinopterygii"
5546,"Scarus","frenatus",35918,"Lacepède, 1802","Scarinae",364,4784,NA,NA,"Scaridae","Perciformes","Actinopterygii"
58508,"Scarus","fuscocaudalis",35918,"Randall & Myers, 2000","Scarinae",364,4784,NA,NA,"Scaridae","Perciformes","Actinopterygii"
14381,"Scarus","fuscopurpureus",35918,"(Klunzinger, 1871)","Scarinae",364,4784,NA,NA,"Scaridae","Perciformes","Actinopterygii"
5548,"Scarus","ghobban",35918,"Forsskål, 1775","Scarinae",364,4784,NA,NA,"Scaridae","Perciformes","Actinopterygii"
4970,"Scarus","globiceps",35918,"Valenciennes, 1840","Scarinae",364,4784,NA,NA,"Scaridae","Perciformes","Actinopterygii"
60441,"Scarus","gracilis",35918,"(Steindachner, 1869)","Scarinae",364,4784,NA,NA,"Scaridae","Perciformes","Actinopterygii"
1155,"Scarus","guacamaia",35918,"Cuvier, 1829","Scarinae",364,4784,NA,NA,"Scaridae","Perciformes","Actinopterygii"
5018,"Scarus","hoefleri",35918,"(Steindachner, 1881)","Scarinae",364,4784,NA,NA,"Scaridae","Perciformes","Actinopterygii"
12707,"Scarus","hypselopterus",35918,"Bleeker, 1853","Scarinae",364,4784,NA,NA,"Scaridae","Perciformes","Actinopterygii"
1154,"Scarus","iseri",5521,"(Bloch, 1789)","Scarinae",364,4784,NA,NA,"Scaridae","Perciformes","Actinopterygii"
4980,"Scarus","koputea",35918,"Randall & Choat, 1980","Scarinae",364,4784,NA,NA,"Scaridae","Perciformes","Actinopterygii"
4981,"Scarus","longipinnis",35918,"Randall & Choat, 1980","Scarinae",364,4784,NA,NA,"Scaridae","Perciformes","Actinopterygii"
63577,"Scarus","maculipinna",72409,"Westneat, Satapoomin & Randall, 2007","Scarinae",364,4784,NA,NA,"Scaridae","Perciformes","Actinopterygii"
5550,"Scarus","niger",2334,"Forsskål, 1775","Scarinae",364,4784,NA,NA,"Scaridae","Perciformes","Actinopterygii"
12831,"Scarus","obishime",8990,"Randall & Earle, 1993","Scarinae",364,4784,NA,NA,"Scaridae","Perciformes","Actinopterygii"
5551,"Scarus","oviceps",2334,"Valenciennes, 1840","Scarinae",364,4784,NA,NA,"Scaridae","Perciformes","Actinopterygii"
23512,"Scarus","ovifrons",559,"Temminck & Schlegel, 1846","Scarinae",364,4784,NA,NA,"Scaridae","Perciformes","Actinopterygii"
8392,"Scarus","perrico",5592,"Jordan & Gilbert, 1882","Scarinae",364,4784,NA,NA,"Scaridae","Perciformes","Actinopterygii"
14383,"Scarus","persicus",3488,"Randall & Bruce, 1983","Scarinae",364,4784,NA,NA,"Scaridae","Perciformes","Actinopterygii"
4971,"Scarus","prasiognathos",2689,"Valenciennes, 1840","Scarinae",364,4784,NA,NA,"Scaridae","Perciformes","Actinopterygii"
5553,"Scarus","psittacus",2334,"Forsskål, 1775","Scarinae",364,4784,NA,NA,"Scaridae","Perciformes","Actinopterygii"
5554,"Scarus","quoyi",1602,"Valenciennes, 1840","Scarinae",364,4784,NA,NA,"Scaridae","Perciformes","Actinopterygii"
4969,"Scarus","rivulatus",2689,"Valenciennes, 1840","Scarinae",364,4784,NA,NA,"Scaridae","Perciformes","Actinopterygii"
5555,"Scarus","rubroviolaceus",2334,"Bleeker, 1847","Scarinae",364,4784,NA,NA,"Scaridae","Perciformes","Actinopterygii"
7912,"Scarus","russelii",3488,"Valenciennes, 1840","Scarinae",364,4784,NA,NA,"Scaridae","Perciformes","Actinopterygii"
7913,"Scarus","scaber",5490,"Valenciennes, 1840","Scarinae",364,4784,NA,NA,"Scaridae","Perciformes","Actinopterygii"
4975,"Scarus","schlegeli",2334,"(Bleeker, 1861)","Scarinae",364,4784,NA,NA,"Scaridae","Perciformes","Actinopterygii"
4974,"Scarus","spinus",2334,"(Kner, 1868)","Scarinae",364,4784,NA,NA,"Scaridae","Perciformes","Actinopterygii"
1156,"Scarus","taeniopterus",7251,"Lesson, 1829","Scarinae",364,4784,NA,NA,"Scaridae","Perciformes","Actinopterygii"
6438,"Scarus","tricolor",2689,"Bleeker, 1847","Scarinae",364,4784,NA,NA,"Scaridae","Perciformes","Actinopterygii"
59493,"Scarus","trispinosus",40827,"Valenciennes, 1840","Scarinae",364,4784,NA,NA,"Scaridae","Perciformes","Actinopterygii"
1157,"Scarus","vetula",7251,"Bloch & Schneider, 1801","Scarinae",364,4784,NA,NA,"Scaridae","Perciformes","Actinopterygii"
7914,"Scarus","viridifucatus",3488,"(Smith, 1956)","Scarinae",364,4784,NA,NA,"Scaridae","Perciformes","Actinopterygii"
5541,"Scarus","xanthopleura",1602,"Bleeker, 1853","Scarinae",364,4784,NA,NA,"Scaridae","Perciformes","Actinopterygii"
59490,"Scarus","zelindae",40827,"Moura, Figueiredo & Sazima, 2001","Scarinae",364,4784,NA,NA,"Scaridae","Perciformes","Actinopterygii"
26221,"Scarus","zufar",11441,"Randall & Hoover, 1995","Scarinae",364,4784,NA,NA,"Scaridae","Perciformes","Actinopterygii"
59491,"Sparisoma","amplum",40827,"(Ranzani, 1841)","Sparisomatinae",364,4306,NA,NA,"Scaridae","Perciformes","Actinopterygii"
3675,"Sparisoma","atomarium",7251,"(Poey, 1861)","Sparisomatinae",364,4306,NA,NA,"Scaridae","Perciformes","Actinopterygii"
1158,"Sparisoma","aurofrenatum",7251,"(Valenciennes, 1840)","Sparisomatinae",364,4306,NA,NA,"Scaridae","Perciformes","Actinopterygii"
59492,"Sparisoma","axillare",40827,"(Steindachner, 1878)","Sparisomatinae",364,4306,NA,NA,"Scaridae","Perciformes","Actinopterygii"
66403,"Sparisoma","choati",88982,"Rocha, Brito & Robertson, 2012","Sparisomatinae",364,4306,NA,NA,"Scaridae","Perciformes","Actinopterygii"
1159,"Sparisoma","chrysopterum",7251,"(Bloch & Schneider, 1801)","Sparisomatinae",364,4306,NA,NA,"Scaridae","Perciformes","Actinopterygii"
13025,"Sparisoma","cretense",7360,"(Linnaeus, 1758)","Sparisomatinae",364,4306,NA,NA,"Scaridae","Perciformes","Actinopterygii"
61101,"Sparisoma","frondosum",40827,"(Agassiz, 1831)","Sparisomatinae",364,4306,NA,NA,"Scaridae","Perciformes","Actinopterygii"
60692,"Sparisoma","griseorubrum",35918,"Cervigón, 1982","Sparisomatinae",364,4306,NA,NA,"Scaridae","Perciformes","Actinopterygii"
3676,"Sparisoma","radians",7251,"(Valenciennes, 1840)","Sparisomatinae",364,4306,NA,NA,"Scaridae","Perciformes","Actinopterygii"
65546,"Sparisoma","rocha",84274,"Pinheiro, Gasparini & Sazima, 2010","Sparisomatinae",364,4306,NA,NA,"Scaridae","Perciformes","Actinopterygii"
1160,"Sparisoma","rubripinne",9710,"(Valenciennes, 1840)","Sparisomatinae",364,4306,NA,NA,"Scaridae","Perciformes","Actinopterygii"
22546,"Sparisoma","strigatum",11064,"(Günther, 1862)","Sparisomatinae",364,4306,NA,NA,"Scaridae","Perciformes","Actinopterygii"
61816,"Sparisoma","tuiupiranga",52151,"Gasparini, Joyeux & Floeter, 2003","Sparisomatinae",364,4306,NA,NA,"Scaridae","Perciformes","Actinopterygii"
1161,"Sparisoma","viride",5217,"(Bonnaterre, 1788)","Sparisomatinae",364,4306,NA,NA,"Scaridae","Perciformes","Actinopterygii"
